VideoID,ThreadBin,Count,Percentage
-7xrJwRWo5k,Constructive,0,0.0
-7xrJwRWo5k,Slight/Neutral,3,20.0
-7xrJwRWo5k,Moderately Destructive,8,53.3
-7xrJwRWo5k,Highly Destructive,4,26.7
-Ok9PJi7ATk,Constructive,0,0.0
-Ok9PJi7ATk,Slight/Neutral,1,33.3
-Ok9PJi7ATk,Moderately Destructive,2,66.7
-Ok9PJi7ATk,Highly Destructive,0,0.0
-WR45SBhz3E,Constructive,0,0.0
-WR45SBhz3E,Slight/Neutral,0,0.0
-WR45SBhz3E,Moderately Destructive,0,0.0
-WR45SBhz3E,Highly Destructive,1,100.0
-esJ6h5GO10,Constructive,0,0.0
-esJ6h5GO10,Slight/Neutral,0,0.0
-esJ6h5GO10,Moderately Destructive,1,50.0
-esJ6h5GO10,Highly Destructive,1,50.0
-i1AoXHmZkY,Constructive,1,50.0
-i1AoXHmZkY,Slight/Neutral,1,50.0
-i1AoXHmZkY,Moderately Destructive,0,0.0
-i1AoXHmZkY,Highly Destructive,0,0.0
-jc4cfE7Mok,Constructive,1,11.1
-jc4cfE7Mok,Slight/Neutral,4,44.4
-jc4cfE7Mok,Moderately Destructive,1,11.1
-jc4cfE7Mok,Highly Destructive,3,33.3
-luBqJHu_XQ,Constructive,0,0.0
-luBqJHu_XQ,Slight/Neutral,1,50.0
-luBqJHu_XQ,Moderately Destructive,1,50.0
-luBqJHu_XQ,Highly Destructive,0,0.0
-y2Jkx1g-V4,Constructive,0,0.0
-y2Jkx1g-V4,Slight/Neutral,0,0.0
-y2Jkx1g-V4,Moderately Destructive,1,100.0
-y2Jkx1g-V4,Highly Destructive,0,0.0
0-w80-Wsrqw,Constructive,0,0.0
0-w80-Wsrqw,Slight/Neutral,0,0.0
0-w80-Wsrqw,Moderately Destructive,1,100.0
0-w80-Wsrqw,Highly Destructive,0,0.0
01s3uV7GKnU,Constructive,0,0.0
01s3uV7GKnU,Slight/Neutral,0,0.0
01s3uV7GKnU,Moderately Destructive,1,100.0
01s3uV7GKnU,Highly Destructive,0,0.0
03PxJ6gmfWo,Constructive,2,40.0
03PxJ6gmfWo,Slight/Neutral,2,40.0
03PxJ6gmfWo,Moderately Destructive,1,20.0
03PxJ6gmfWo,Highly Destructive,0,0.0
0AV90VZPCKA,Constructive,1,33.3
0AV90VZPCKA,Slight/Neutral,1,33.3
0AV90VZPCKA,Moderately Destructive,1,33.3
0AV90VZPCKA,Highly Destructive,0,0.0
0Cn_dUB5RYk,Constructive,2,66.7
0Cn_dUB5RYk,Slight/Neutral,0,0.0
0Cn_dUB5RYk,Moderately Destructive,1,33.3
0Cn_dUB5RYk,Highly Destructive,0,0.0
0LUqTNolVck,Constructive,0,0.0
0LUqTNolVck,Slight/Neutral,0,0.0
0LUqTNolVck,Moderately Destructive,1,100.0
0LUqTNolVck,Highly Destructive,0,0.0
0N1qQOL2GZA,Constructive,1,33.3
0N1qQOL2GZA,Slight/Neutral,0,0.0
0N1qQOL2GZA,Moderately Destructive,2,66.7
0N1qQOL2GZA,Highly Destructive,0,0.0
0VxmbG_rMbk,Constructive,0,0.0
0VxmbG_rMbk,Slight/Neutral,0,0.0
0VxmbG_rMbk,Moderately Destructive,2,100.0
0VxmbG_rMbk,Highly Destructive,0,0.0
0bqxQdi_e4U,Constructive,0,0.0
0bqxQdi_e4U,Slight/Neutral,0,0.0
0bqxQdi_e4U,Moderately Destructive,2,100.0
0bqxQdi_e4U,Highly Destructive,0,0.0
0g8nnp7tB70,Constructive,8,50.0
0g8nnp7tB70,Slight/Neutral,5,31.2
0g8nnp7tB70,Moderately Destructive,1,6.2
0g8nnp7tB70,Highly Destructive,2,12.5
0i2fzKpzEi8,Constructive,0,0.0
0i2fzKpzEi8,Slight/Neutral,0,0.0
0i2fzKpzEi8,Moderately Destructive,1,100.0
0i2fzKpzEi8,Highly Destructive,0,0.0
1LXVVvgEhRY,Constructive,0,0.0
1LXVVvgEhRY,Slight/Neutral,0,0.0
1LXVVvgEhRY,Moderately Destructive,1,100.0
1LXVVvgEhRY,Highly Destructive,0,0.0
1M0QdAIJSRs,Constructive,0,0.0
1M0QdAIJSRs,Slight/Neutral,1,50.0
1M0QdAIJSRs,Moderately Destructive,1,50.0
1M0QdAIJSRs,Highly Destructive,0,0.0
1Nyff2B3XzM,Constructive,7,53.8
1Nyff2B3XzM,Slight/Neutral,3,23.1
1Nyff2B3XzM,Moderately Destructive,0,0.0
1Nyff2B3XzM,Highly Destructive,3,23.1
1XsN8EaEnUU,Constructive,1,100.0
1XsN8EaEnUU,Slight/Neutral,0,0.0
1XsN8EaEnUU,Moderately Destructive,0,0.0
1XsN8EaEnUU,Highly Destructive,0,0.0
1b_fhIc9BCc,Constructive,0,0.0
1b_fhIc9BCc,Slight/Neutral,2,50.0
1b_fhIc9BCc,Moderately Destructive,2,50.0
1b_fhIc9BCc,Highly Destructive,0,0.0
1eUG3aYpHWY,Constructive,0,0.0
1eUG3aYpHWY,Slight/Neutral,5,45.5
1eUG3aYpHWY,Moderately Destructive,4,36.4
1eUG3aYpHWY,Highly Destructive,2,18.2
1fTtOArYl1Y,Constructive,0,0.0
1fTtOArYl1Y,Slight/Neutral,1,100.0
1fTtOArYl1Y,Moderately Destructive,0,0.0
1fTtOArYl1Y,Highly Destructive,0,0.0
1nHjEDLgPW0,Constructive,1,100.0
1nHjEDLgPW0,Slight/Neutral,0,0.0
1nHjEDLgPW0,Moderately Destructive,0,0.0
1nHjEDLgPW0,Highly Destructive,0,0.0
1y83BTCxccs,Constructive,12,54.5
1y83BTCxccs,Slight/Neutral,3,13.6
1y83BTCxccs,Moderately Destructive,6,27.3
1y83BTCxccs,Highly Destructive,1,4.5
22UZnhBPqHE,Constructive,0,0.0
22UZnhBPqHE,Slight/Neutral,0,0.0
22UZnhBPqHE,Moderately Destructive,2,100.0
22UZnhBPqHE,Highly Destructive,0,0.0
26XwmBX8_9U,Constructive,0,0.0
26XwmBX8_9U,Slight/Neutral,2,66.7
26XwmBX8_9U,Moderately Destructive,1,33.3
26XwmBX8_9U,Highly Destructive,0,0.0
27acPLs8As0,Constructive,3,50.0
27acPLs8As0,Slight/Neutral,1,16.7
27acPLs8As0,Moderately Destructive,1,16.7
27acPLs8As0,Highly Destructive,1,16.7
2E4s7MQUIFI,Constructive,5,9.8
2E4s7MQUIFI,Slight/Neutral,14,27.5
2E4s7MQUIFI,Moderately Destructive,21,41.2
2E4s7MQUIFI,Highly Destructive,11,21.6
2PnFPF1eHHc,Constructive,0,0.0
2PnFPF1eHHc,Slight/Neutral,0,0.0
2PnFPF1eHHc,Moderately Destructive,1,100.0
2PnFPF1eHHc,Highly Destructive,0,0.0
2_m413vlRzQ,Constructive,0,0.0
2_m413vlRzQ,Slight/Neutral,0,0.0
2_m413vlRzQ,Moderately Destructive,2,100.0
2_m413vlRzQ,Highly Destructive,0,0.0
2fSv493XzrY,Constructive,8,50.0
2fSv493XzrY,Slight/Neutral,5,31.2
2fSv493XzrY,Moderately Destructive,2,12.5
2fSv493XzrY,Highly Destructive,1,6.2
2lKEXxmX_es,Constructive,0,0.0
2lKEXxmX_es,Slight/Neutral,0,0.0
2lKEXxmX_es,Moderately Destructive,3,100.0
2lKEXxmX_es,Highly Destructive,0,0.0
2phCmkeczyg,Constructive,0,0.0
2phCmkeczyg,Slight/Neutral,0,0.0
2phCmkeczyg,Moderately Destructive,1,100.0
2phCmkeczyg,Highly Destructive,0,0.0
2ujz_neJiOA,Constructive,0,0.0
2ujz_neJiOA,Slight/Neutral,0,0.0
2ujz_neJiOA,Moderately Destructive,3,100.0
2ujz_neJiOA,Highly Destructive,0,0.0
38V1m4ggSHc,Constructive,0,0.0
38V1m4ggSHc,Slight/Neutral,1,50.0
38V1m4ggSHc,Moderately Destructive,1,50.0
38V1m4ggSHc,Highly Destructive,0,0.0
3JMwPtrmtZ4,Constructive,1,50.0
3JMwPtrmtZ4,Slight/Neutral,0,0.0
3JMwPtrmtZ4,Moderately Destructive,1,50.0
3JMwPtrmtZ4,Highly Destructive,0,0.0
3QbiaKtX-0M,Constructive,0,0.0
3QbiaKtX-0M,Slight/Neutral,0,0.0
3QbiaKtX-0M,Moderately Destructive,1,100.0
3QbiaKtX-0M,Highly Destructive,0,0.0
3bF58gWe1GA,Constructive,0,0.0
3bF58gWe1GA,Slight/Neutral,0,0.0
3bF58gWe1GA,Moderately Destructive,1,100.0
3bF58gWe1GA,Highly Destructive,0,0.0
3iiNSZperdI,Constructive,1,50.0
3iiNSZperdI,Slight/Neutral,0,0.0
3iiNSZperdI,Moderately Destructive,0,0.0
3iiNSZperdI,Highly Destructive,1,50.0
3mzru4MwbBs,Constructive,0,0.0
3mzru4MwbBs,Slight/Neutral,0,0.0
3mzru4MwbBs,Moderately Destructive,1,100.0
3mzru4MwbBs,Highly Destructive,0,0.0
3ny9cEJeF-A,Constructive,1,50.0
3ny9cEJeF-A,Slight/Neutral,0,0.0
3ny9cEJeF-A,Moderately Destructive,1,50.0
3ny9cEJeF-A,Highly Destructive,0,0.0
3vYdcpUeHec,Constructive,0,0.0
3vYdcpUeHec,Slight/Neutral,0,0.0
3vYdcpUeHec,Moderately Destructive,2,100.0
3vYdcpUeHec,Highly Destructive,0,0.0
3yoqzm26WCc,Constructive,0,0.0
3yoqzm26WCc,Slight/Neutral,0,0.0
3yoqzm26WCc,Moderately Destructive,3,75.0
3yoqzm26WCc,Highly Destructive,1,25.0
42Qh8NxHWPk,Constructive,0,0.0
42Qh8NxHWPk,Slight/Neutral,1,50.0
42Qh8NxHWPk,Moderately Destructive,1,50.0
42Qh8NxHWPk,Highly Destructive,0,0.0
44t2nepizco,Constructive,0,0.0
44t2nepizco,Slight/Neutral,1,100.0
44t2nepizco,Moderately Destructive,0,0.0
44t2nepizco,Highly Destructive,0,0.0
483ra5MLbUo,Constructive,0,0.0
483ra5MLbUo,Slight/Neutral,1,50.0
483ra5MLbUo,Moderately Destructive,1,50.0
483ra5MLbUo,Highly Destructive,0,0.0
4BUotae08yI,Constructive,1,50.0
4BUotae08yI,Slight/Neutral,0,0.0
4BUotae08yI,Moderately Destructive,1,50.0
4BUotae08yI,Highly Destructive,0,0.0
4V1-l47gOtE,Constructive,1,50.0
4V1-l47gOtE,Slight/Neutral,1,50.0
4V1-l47gOtE,Moderately Destructive,0,0.0
4V1-l47gOtE,Highly Destructive,0,0.0
4XzbKp5QMZQ,Constructive,0,0.0
4XzbKp5QMZQ,Slight/Neutral,0,0.0
4XzbKp5QMZQ,Moderately Destructive,3,100.0
4XzbKp5QMZQ,Highly Destructive,0,0.0
4dm3GOcq6Io,Constructive,0,0.0
4dm3GOcq6Io,Slight/Neutral,2,100.0
4dm3GOcq6Io,Moderately Destructive,0,0.0
4dm3GOcq6Io,Highly Destructive,0,0.0
4eI8XvYvN0s,Constructive,0,0.0
4eI8XvYvN0s,Slight/Neutral,1,20.0
4eI8XvYvN0s,Moderately Destructive,3,60.0
4eI8XvYvN0s,Highly Destructive,1,20.0
4oWNKOs5LiM,Constructive,3,15.8
4oWNKOs5LiM,Slight/Neutral,7,36.8
4oWNKOs5LiM,Moderately Destructive,7,36.8
4oWNKOs5LiM,Highly Destructive,2,10.5
561vf7Hnepc,Constructive,1,25.0
561vf7Hnepc,Slight/Neutral,0,0.0
561vf7Hnepc,Moderately Destructive,3,75.0
561vf7Hnepc,Highly Destructive,0,0.0
5Kmvq4q914U,Constructive,0,0.0
5Kmvq4q914U,Slight/Neutral,1,100.0
5Kmvq4q914U,Moderately Destructive,0,0.0
5Kmvq4q914U,Highly Destructive,0,0.0
5TFsplJkkKk,Constructive,0,0.0
5TFsplJkkKk,Slight/Neutral,0,0.0
5TFsplJkkKk,Moderately Destructive,5,83.3
5TFsplJkkKk,Highly Destructive,1,16.7
5hHkJeF77vY,Constructive,1,14.3
5hHkJeF77vY,Slight/Neutral,0,0.0
5hHkJeF77vY,Moderately Destructive,5,71.4
5hHkJeF77vY,Highly Destructive,1,14.3
5j7R4yvHk0g,Constructive,1,50.0
5j7R4yvHk0g,Slight/Neutral,1,50.0
5j7R4yvHk0g,Moderately Destructive,0,0.0
5j7R4yvHk0g,Highly Destructive,0,0.0
5xv44uRG700,Constructive,3,33.3
5xv44uRG700,Slight/Neutral,3,33.3
5xv44uRG700,Moderately Destructive,1,11.1
5xv44uRG700,Highly Destructive,2,22.2
6-j9bB_klfk,Constructive,3,37.5
6-j9bB_klfk,Slight/Neutral,2,25.0
6-j9bB_klfk,Moderately Destructive,1,12.5
6-j9bB_klfk,Highly Destructive,2,25.0
61XL3yHFuPg,Constructive,0,0.0
61XL3yHFuPg,Slight/Neutral,2,50.0
61XL3yHFuPg,Moderately Destructive,2,50.0
61XL3yHFuPg,Highly Destructive,0,0.0
683_ZH_TpAg,Constructive,0,0.0
683_ZH_TpAg,Slight/Neutral,0,0.0
683_ZH_TpAg,Moderately Destructive,2,100.0
683_ZH_TpAg,Highly Destructive,0,0.0
6EkI9UVZ3PQ,Constructive,0,0.0
6EkI9UVZ3PQ,Slight/Neutral,0,0.0
6EkI9UVZ3PQ,Moderately Destructive,1,100.0
6EkI9UVZ3PQ,Highly Destructive,0,0.0
6IAvHEAJdBE,Constructive,0,0.0
6IAvHEAJdBE,Slight/Neutral,0,0.0
6IAvHEAJdBE,Moderately Destructive,2,50.0
6IAvHEAJdBE,Highly Destructive,2,50.0
6R8kBJKwahk,Constructive,0,0.0
6R8kBJKwahk,Slight/Neutral,0,0.0
6R8kBJKwahk,Moderately Destructive,1,100.0
6R8kBJKwahk,Highly Destructive,0,0.0
6ULXsUmbYw8,Constructive,0,0.0
6ULXsUmbYw8,Slight/Neutral,0,0.0
6ULXsUmbYw8,Moderately Destructive,1,50.0
6ULXsUmbYw8,Highly Destructive,1,50.0
6hLsxkD7DiA,Constructive,0,0.0
6hLsxkD7DiA,Slight/Neutral,1,25.0
6hLsxkD7DiA,Moderately Destructive,3,75.0
6hLsxkD7DiA,Highly Destructive,0,0.0
6i8D-gCh690,Constructive,0,0.0
6i8D-gCh690,Slight/Neutral,2,33.3
6i8D-gCh690,Moderately Destructive,4,66.7
6i8D-gCh690,Highly Destructive,0,0.0
6jp97F36-a0,Constructive,0,0.0
6jp97F36-a0,Slight/Neutral,0,0.0
6jp97F36-a0,Moderately Destructive,1,100.0
6jp97F36-a0,Highly Destructive,0,0.0
6uWE_K7z0Yk,Constructive,3,42.9
6uWE_K7z0Yk,Slight/Neutral,2,28.6
6uWE_K7z0Yk,Moderately Destructive,1,14.3
6uWE_K7z0Yk,Highly Destructive,1,14.3
6vsjfMPTYKg,Constructive,0,0.0
6vsjfMPTYKg,Slight/Neutral,0,0.0
6vsjfMPTYKg,Moderately Destructive,0,0.0
6vsjfMPTYKg,Highly Destructive,1,100.0
6yZT29pdxJ8,Constructive,1,50.0
6yZT29pdxJ8,Slight/Neutral,0,0.0
6yZT29pdxJ8,Moderately Destructive,1,50.0
6yZT29pdxJ8,Highly Destructive,0,0.0
73N_IIon5Yc,Constructive,0,0.0
73N_IIon5Yc,Slight/Neutral,1,100.0
73N_IIon5Yc,Moderately Destructive,0,0.0
73N_IIon5Yc,Highly Destructive,0,0.0
7e0_Jv-vAkI,Constructive,0,0.0
7e0_Jv-vAkI,Slight/Neutral,0,0.0
7e0_Jv-vAkI,Moderately Destructive,1,100.0
7e0_Jv-vAkI,Highly Destructive,0,0.0
7ekkiHFdfog,Constructive,0,0.0
7ekkiHFdfog,Slight/Neutral,1,100.0
7ekkiHFdfog,Moderately Destructive,0,0.0
7ekkiHFdfog,Highly Destructive,0,0.0
7nJ4egPFucM,Constructive,0,0.0
7nJ4egPFucM,Slight/Neutral,1,100.0
7nJ4egPFucM,Moderately Destructive,0,0.0
7nJ4egPFucM,Highly Destructive,0,0.0
7oYKt-1gQSA,Constructive,1,50.0
7oYKt-1gQSA,Slight/Neutral,1,50.0
7oYKt-1gQSA,Moderately Destructive,0,0.0
7oYKt-1gQSA,Highly Destructive,0,0.0
7tWyPiBDhKg,Constructive,1,100.0
7tWyPiBDhKg,Slight/Neutral,0,0.0
7tWyPiBDhKg,Moderately Destructive,0,0.0
7tWyPiBDhKg,Highly Destructive,0,0.0
8AyfvLm9Wfg,Constructive,0,0.0
8AyfvLm9Wfg,Slight/Neutral,1,100.0
8AyfvLm9Wfg,Moderately Destructive,0,0.0
8AyfvLm9Wfg,Highly Destructive,0,0.0
8HjnZSYls-c,Constructive,1,100.0
8HjnZSYls-c,Slight/Neutral,0,0.0
8HjnZSYls-c,Moderately Destructive,0,0.0
8HjnZSYls-c,Highly Destructive,0,0.0
8NKu7nP5BmI,Constructive,1,50.0
8NKu7nP5BmI,Slight/Neutral,0,0.0
8NKu7nP5BmI,Moderately Destructive,0,0.0
8NKu7nP5BmI,Highly Destructive,1,50.0
8b4RcqEFJ44,Constructive,0,0.0
8b4RcqEFJ44,Slight/Neutral,0,0.0
8b4RcqEFJ44,Moderately Destructive,2,66.7
8b4RcqEFJ44,Highly Destructive,1,33.3
8jLZJQO3NyY,Constructive,3,50.0
8jLZJQO3NyY,Slight/Neutral,2,33.3
8jLZJQO3NyY,Moderately Destructive,1,16.7
8jLZJQO3NyY,Highly Destructive,0,0.0
8nw2BpjYz4o,Constructive,0,0.0
8nw2BpjYz4o,Slight/Neutral,1,50.0
8nw2BpjYz4o,Moderately Destructive,1,50.0
8nw2BpjYz4o,Highly Destructive,0,0.0
8vwbPCpeV8M,Constructive,0,0.0
8vwbPCpeV8M,Slight/Neutral,0,0.0
8vwbPCpeV8M,Moderately Destructive,1,100.0
8vwbPCpeV8M,Highly Destructive,0,0.0
8zejmjkZ16o,Constructive,0,0.0
8zejmjkZ16o,Slight/Neutral,0,0.0
8zejmjkZ16o,Moderately Destructive,0,0.0
8zejmjkZ16o,Highly Destructive,1,100.0
9825tTj26_I,Constructive,0,0.0
9825tTj26_I,Slight/Neutral,0,0.0
9825tTj26_I,Moderately Destructive,1,100.0
9825tTj26_I,Highly Destructive,0,0.0
9N1FutrVy-M,Constructive,0,0.0
9N1FutrVy-M,Slight/Neutral,1,33.3
9N1FutrVy-M,Moderately Destructive,2,66.7
9N1FutrVy-M,Highly Destructive,0,0.0
9R06OCb1gSk,Constructive,1,33.3
9R06OCb1gSk,Slight/Neutral,1,33.3
9R06OCb1gSk,Moderately Destructive,0,0.0
9R06OCb1gSk,Highly Destructive,1,33.3
9UaxSz1_2S0,Constructive,0,0.0
9UaxSz1_2S0,Slight/Neutral,3,50.0
9UaxSz1_2S0,Moderately Destructive,2,33.3
9UaxSz1_2S0,Highly Destructive,1,16.7
9YO6I8aJ_Js,Constructive,0,0.0
9YO6I8aJ_Js,Slight/Neutral,0,0.0
9YO6I8aJ_Js,Moderately Destructive,1,100.0
9YO6I8aJ_Js,Highly Destructive,0,0.0
9ehTYQ1SVIU,Constructive,1,100.0
9ehTYQ1SVIU,Slight/Neutral,0,0.0
9ehTYQ1SVIU,Moderately Destructive,0,0.0
9ehTYQ1SVIU,Highly Destructive,0,0.0
9kcdXGIzu54,Constructive,0,0.0
9kcdXGIzu54,Slight/Neutral,1,50.0
9kcdXGIzu54,Moderately Destructive,1,50.0
9kcdXGIzu54,Highly Destructive,0,0.0
9u-MyvXYtrE,Constructive,0,0.0
9u-MyvXYtrE,Slight/Neutral,1,100.0
9u-MyvXYtrE,Moderately Destructive,0,0.0
9u-MyvXYtrE,Highly Destructive,0,0.0
9utgQOQ4ylc,Constructive,0,0.0
9utgQOQ4ylc,Slight/Neutral,0,0.0
9utgQOQ4ylc,Moderately Destructive,2,66.7
9utgQOQ4ylc,Highly Destructive,1,33.3
A--cPXkQefQ,Constructive,0,0.0
A--cPXkQefQ,Slight/Neutral,0,0.0
A--cPXkQefQ,Moderately Destructive,1,100.0
A--cPXkQefQ,Highly Destructive,0,0.0
A5mtV9_zYeU,Constructive,0,0.0
A5mtV9_zYeU,Slight/Neutral,0,0.0
A5mtV9_zYeU,Moderately Destructive,0,0.0
A5mtV9_zYeU,Highly Destructive,1,100.0
AIFbI1g23sI,Constructive,0,0.0
AIFbI1g23sI,Slight/Neutral,0,0.0
AIFbI1g23sI,Moderately Destructive,1,100.0
AIFbI1g23sI,Highly Destructive,0,0.0
AKRX-HePKBY,Constructive,0,0.0
AKRX-HePKBY,Slight/Neutral,0,0.0
AKRX-HePKBY,Moderately Destructive,1,100.0
AKRX-HePKBY,Highly Destructive,0,0.0
AZrgLtnugPc,Constructive,0,0.0
AZrgLtnugPc,Slight/Neutral,1,100.0
AZrgLtnugPc,Moderately Destructive,0,0.0
AZrgLtnugPc,Highly Destructive,0,0.0
AdVcczlRomw,Constructive,1,20.0
AdVcczlRomw,Slight/Neutral,2,40.0
AdVcczlRomw,Moderately Destructive,1,20.0
AdVcczlRomw,Highly Destructive,1,20.0
Aq7ryGkapuE,Constructive,0,0.0
Aq7ryGkapuE,Slight/Neutral,1,25.0
Aq7ryGkapuE,Moderately Destructive,2,50.0
Aq7ryGkapuE,Highly Destructive,1,25.0
AqpU8NnJwWY,Constructive,1,11.1
AqpU8NnJwWY,Slight/Neutral,4,44.4
AqpU8NnJwWY,Moderately Destructive,3,33.3
AqpU8NnJwWY,Highly Destructive,1,11.1
AsTggz--XB0,Constructive,0,0.0
AsTggz--XB0,Slight/Neutral,1,100.0
AsTggz--XB0,Moderately Destructive,0,0.0
AsTggz--XB0,Highly Destructive,0,0.0
AshxGZCsQCE,Constructive,1,100.0
AshxGZCsQCE,Slight/Neutral,0,0.0
AshxGZCsQCE,Moderately Destructive,0,0.0
AshxGZCsQCE,Highly Destructive,0,0.0
At-RJbygPDE,Constructive,1,33.3
At-RJbygPDE,Slight/Neutral,1,33.3
At-RJbygPDE,Moderately Destructive,1,33.3
At-RJbygPDE,Highly Destructive,0,0.0
BZiViq3Mu8U,Constructive,0,0.0
BZiViq3Mu8U,Slight/Neutral,1,100.0
BZiViq3Mu8U,Moderately Destructive,0,0.0
BZiViq3Mu8U,Highly Destructive,0,0.0
BaMU_6zI-7Y,Constructive,1,50.0
BaMU_6zI-7Y,Slight/Neutral,0,0.0
BaMU_6zI-7Y,Moderately Destructive,0,0.0
BaMU_6zI-7Y,Highly Destructive,1,50.0
Bbmcsm7vcSM,Constructive,0,0.0
Bbmcsm7vcSM,Slight/Neutral,0,0.0
Bbmcsm7vcSM,Moderately Destructive,1,100.0
Bbmcsm7vcSM,Highly Destructive,0,0.0
BdBVn0LuY50,Constructive,0,0.0
BdBVn0LuY50,Slight/Neutral,0,0.0
BdBVn0LuY50,Moderately Destructive,1,100.0
BdBVn0LuY50,Highly Destructive,0,0.0
Bqxweu6SAk8,Constructive,0,0.0
Bqxweu6SAk8,Slight/Neutral,0,0.0
Bqxweu6SAk8,Moderately Destructive,0,0.0
Bqxweu6SAk8,Highly Destructive,1,100.0
By3uvQUiDzQ,Constructive,1,100.0
By3uvQUiDzQ,Slight/Neutral,0,0.0
By3uvQUiDzQ,Moderately Destructive,0,0.0
By3uvQUiDzQ,Highly Destructive,0,0.0
C1sbYVcIK-I,Constructive,0,0.0
C1sbYVcIK-I,Slight/Neutral,1,50.0
C1sbYVcIK-I,Moderately Destructive,1,50.0
C1sbYVcIK-I,Highly Destructive,0,0.0
CQR6xfRhiMg,Constructive,0,0.0
CQR6xfRhiMg,Slight/Neutral,0,0.0
CQR6xfRhiMg,Moderately Destructive,3,100.0
CQR6xfRhiMg,Highly Destructive,0,0.0
CUd-m5L-4jQ,Constructive,0,0.0
CUd-m5L-4jQ,Slight/Neutral,0,0.0
CUd-m5L-4jQ,Moderately Destructive,2,100.0
CUd-m5L-4jQ,Highly Destructive,0,0.0
CbLw6ps-qi0,Constructive,0,0.0
CbLw6ps-qi0,Slight/Neutral,2,100.0
CbLw6ps-qi0,Moderately Destructive,0,0.0
CbLw6ps-qi0,Highly Destructive,0,0.0
CfIA490rTNQ,Constructive,0,0.0
CfIA490rTNQ,Slight/Neutral,0,0.0
CfIA490rTNQ,Moderately Destructive,2,100.0
CfIA490rTNQ,Highly Destructive,0,0.0
CsQfS34enNY,Constructive,1,50.0
CsQfS34enNY,Slight/Neutral,0,0.0
CsQfS34enNY,Moderately Destructive,1,50.0
CsQfS34enNY,Highly Destructive,0,0.0
CuxyMKscP30,Constructive,0,0.0
CuxyMKscP30,Slight/Neutral,0,0.0
CuxyMKscP30,Moderately Destructive,0,0.0
CuxyMKscP30,Highly Destructive,2,100.0
Cwi-cUV89Sw,Constructive,0,0.0
Cwi-cUV89Sw,Slight/Neutral,1,50.0
Cwi-cUV89Sw,Moderately Destructive,0,0.0
Cwi-cUV89Sw,Highly Destructive,1,50.0
CzVksVQiyXw,Constructive,0,0.0
CzVksVQiyXw,Slight/Neutral,1,33.3
CzVksVQiyXw,Moderately Destructive,2,66.7
CzVksVQiyXw,Highly Destructive,0,0.0
DJLDKV6_yBk,Constructive,0,0.0
DJLDKV6_yBk,Slight/Neutral,0,0.0
DJLDKV6_yBk,Moderately Destructive,0,0.0
DJLDKV6_yBk,Highly Destructive,1,100.0
DWKpnt7wRDA,Constructive,0,0.0
DWKpnt7wRDA,Slight/Neutral,1,50.0
DWKpnt7wRDA,Moderately Destructive,1,50.0
DWKpnt7wRDA,Highly Destructive,0,0.0
DWriK_sKwK0,Constructive,0,0.0
DWriK_sKwK0,Slight/Neutral,1,50.0
DWriK_sKwK0,Moderately Destructive,1,50.0
DWriK_sKwK0,Highly Destructive,0,0.0
Dhh_40DD30Q,Constructive,0,0.0
Dhh_40DD30Q,Slight/Neutral,0,0.0
Dhh_40DD30Q,Moderately Destructive,1,100.0
Dhh_40DD30Q,Highly Destructive,0,0.0
DvxMo7A83wE,Constructive,0,0.0
DvxMo7A83wE,Slight/Neutral,1,100.0
DvxMo7A83wE,Moderately Destructive,0,0.0
DvxMo7A83wE,Highly Destructive,0,0.0
DzuIU3c5RRw,Constructive,0,0.0
DzuIU3c5RRw,Slight/Neutral,0,0.0
DzuIU3c5RRw,Moderately Destructive,2,100.0
DzuIU3c5RRw,Highly Destructive,0,0.0
EROxE0gufgk,Constructive,1,25.0
EROxE0gufgk,Slight/Neutral,1,25.0
EROxE0gufgk,Moderately Destructive,2,50.0
EROxE0gufgk,Highly Destructive,0,0.0
ESetW0m2EoA,Constructive,0,0.0
ESetW0m2EoA,Slight/Neutral,0,0.0
ESetW0m2EoA,Moderately Destructive,2,100.0
ESetW0m2EoA,Highly Destructive,0,0.0
EVDlxIdk6bI,Constructive,0,0.0
EVDlxIdk6bI,Slight/Neutral,0,0.0
EVDlxIdk6bI,Moderately Destructive,2,100.0
EVDlxIdk6bI,Highly Destructive,0,0.0
Ec-KqpZu_OU,Constructive,0,0.0
Ec-KqpZu_OU,Slight/Neutral,0,0.0
Ec-KqpZu_OU,Moderately Destructive,1,100.0
Ec-KqpZu_OU,Highly Destructive,0,0.0
EjBwr4-3_rA,Constructive,1,50.0
EjBwr4-3_rA,Slight/Neutral,0,0.0
EjBwr4-3_rA,Moderately Destructive,1,50.0
EjBwr4-3_rA,Highly Destructive,0,0.0
Em4WkXB1bEI,Constructive,0,0.0
Em4WkXB1bEI,Slight/Neutral,0,0.0
Em4WkXB1bEI,Moderately Destructive,1,100.0
Em4WkXB1bEI,Highly Destructive,0,0.0
En-ko2OErwE,Constructive,10,35.7
En-ko2OErwE,Slight/Neutral,10,35.7
En-ko2OErwE,Moderately Destructive,4,14.3
En-ko2OErwE,Highly Destructive,4,14.3
Es61Sx1a6lE,Constructive,1,25.0
Es61Sx1a6lE,Slight/Neutral,1,25.0
Es61Sx1a6lE,Moderately Destructive,0,0.0
Es61Sx1a6lE,Highly Destructive,2,50.0
EsOAdVHEYbE,Constructive,2,18.2
EsOAdVHEYbE,Slight/Neutral,3,27.3
EsOAdVHEYbE,Moderately Destructive,5,45.5
EsOAdVHEYbE,Highly Destructive,1,9.1
EtYV7Y-OENI,Constructive,0,0.0
EtYV7Y-OENI,Slight/Neutral,1,100.0
EtYV7Y-OENI,Moderately Destructive,0,0.0
EtYV7Y-OENI,Highly Destructive,0,0.0
EwqXTn3jJnk,Constructive,1,100.0
EwqXTn3jJnk,Slight/Neutral,0,0.0
EwqXTn3jJnk,Moderately Destructive,0,0.0
EwqXTn3jJnk,Highly Destructive,0,0.0
Ez0kSon3DmY,Constructive,0,0.0
Ez0kSon3DmY,Slight/Neutral,0,0.0
Ez0kSon3DmY,Moderately Destructive,0,0.0
Ez0kSon3DmY,Highly Destructive,1,100.0
F06RKatZGCw,Constructive,0,0.0
F06RKatZGCw,Slight/Neutral,1,14.3
F06RKatZGCw,Moderately Destructive,6,85.7
F06RKatZGCw,Highly Destructive,0,0.0
F5i1r5CChyM,Constructive,0,0.0
F5i1r5CChyM,Slight/Neutral,0,0.0
F5i1r5CChyM,Moderately Destructive,1,100.0
F5i1r5CChyM,Highly Destructive,0,0.0
F75YnBxPVbw,Constructive,0,0.0
F75YnBxPVbw,Slight/Neutral,2,66.7
F75YnBxPVbw,Moderately Destructive,1,33.3
F75YnBxPVbw,Highly Destructive,0,0.0
FF6hD7bDudo,Constructive,0,0.0
FF6hD7bDudo,Slight/Neutral,2,40.0
FF6hD7bDudo,Moderately Destructive,3,60.0
FF6hD7bDudo,Highly Destructive,0,0.0
FGNRGstQUe4,Constructive,0,0.0
FGNRGstQUe4,Slight/Neutral,0,0.0
FGNRGstQUe4,Moderately Destructive,1,100.0
FGNRGstQUe4,Highly Destructive,0,0.0
FSMKHk2Xnx4,Constructive,0,0.0
FSMKHk2Xnx4,Slight/Neutral,0,0.0
FSMKHk2Xnx4,Moderately Destructive,1,100.0
FSMKHk2Xnx4,Highly Destructive,0,0.0
FWFjeU6rfWE,Constructive,0,0.0
FWFjeU6rfWE,Slight/Neutral,0,0.0
FWFjeU6rfWE,Moderately Destructive,2,100.0
FWFjeU6rfWE,Highly Destructive,0,0.0
FY4ZQat5y3A,Constructive,0,0.0
FY4ZQat5y3A,Slight/Neutral,0,0.0
FY4ZQat5y3A,Moderately Destructive,1,100.0
FY4ZQat5y3A,Highly Destructive,0,0.0
FYNLr7tVR7I,Constructive,2,22.2
FYNLr7tVR7I,Slight/Neutral,1,11.1
FYNLr7tVR7I,Moderately Destructive,4,44.4
FYNLr7tVR7I,Highly Destructive,2,22.2
Ff3fFj3msiY,Constructive,1,16.7
Ff3fFj3msiY,Slight/Neutral,3,50.0
Ff3fFj3msiY,Moderately Destructive,2,33.3
Ff3fFj3msiY,Highly Destructive,0,0.0
FqZ8eKFJZU4,Constructive,0,0.0
FqZ8eKFJZU4,Slight/Neutral,1,20.0
FqZ8eKFJZU4,Moderately Destructive,3,60.0
FqZ8eKFJZU4,Highly Destructive,1,20.0
FxmtPQYqryI,Constructive,1,100.0
FxmtPQYqryI,Slight/Neutral,0,0.0
FxmtPQYqryI,Moderately Destructive,0,0.0
FxmtPQYqryI,Highly Destructive,0,0.0
G1krHI9wGts,Constructive,0,0.0
G1krHI9wGts,Slight/Neutral,0,0.0
G1krHI9wGts,Moderately Destructive,1,100.0
G1krHI9wGts,Highly Destructive,0,0.0
G3SEJEG5nOM,Constructive,0,0.0
G3SEJEG5nOM,Slight/Neutral,1,100.0
G3SEJEG5nOM,Moderately Destructive,0,0.0
G3SEJEG5nOM,Highly Destructive,0,0.0
GBoTK9swxLQ,Constructive,0,0.0
GBoTK9swxLQ,Slight/Neutral,0,0.0
GBoTK9swxLQ,Moderately Destructive,1,100.0
GBoTK9swxLQ,Highly Destructive,0,0.0
GJHQUMup9Mg,Constructive,0,0.0
GJHQUMup9Mg,Slight/Neutral,0,0.0
GJHQUMup9Mg,Moderately Destructive,2,100.0
GJHQUMup9Mg,Highly Destructive,0,0.0
GRVILGRSag8,Constructive,3,60.0
GRVILGRSag8,Slight/Neutral,0,0.0
GRVILGRSag8,Moderately Destructive,2,40.0
GRVILGRSag8,Highly Destructive,0,0.0
GRW4ac7bRkQ,Constructive,0,0.0
GRW4ac7bRkQ,Slight/Neutral,1,14.3
GRW4ac7bRkQ,Moderately Destructive,4,57.1
GRW4ac7bRkQ,Highly Destructive,2,28.6
GT8cWP5OBIE,Constructive,0,0.0
GT8cWP5OBIE,Slight/Neutral,1,50.0
GT8cWP5OBIE,Moderately Destructive,1,50.0
GT8cWP5OBIE,Highly Destructive,0,0.0
GVZl14TIKcc,Constructive,0,0.0
GVZl14TIKcc,Slight/Neutral,0,0.0
GVZl14TIKcc,Moderately Destructive,1,100.0
GVZl14TIKcc,Highly Destructive,0,0.0
GWB0JMOOCOk,Constructive,0,0.0
GWB0JMOOCOk,Slight/Neutral,0,0.0
GWB0JMOOCOk,Moderately Destructive,2,100.0
GWB0JMOOCOk,Highly Destructive,0,0.0
GjyO-kGqVes,Constructive,0,0.0
GjyO-kGqVes,Slight/Neutral,1,50.0
GjyO-kGqVes,Moderately Destructive,0,0.0
GjyO-kGqVes,Highly Destructive,1,50.0
H189w4_82Dw,Constructive,0,0.0
H189w4_82Dw,Slight/Neutral,0,0.0
H189w4_82Dw,Moderately Destructive,2,100.0
H189w4_82Dw,Highly Destructive,0,0.0
H5o3DGflWt0,Constructive,0,0.0
H5o3DGflWt0,Slight/Neutral,1,100.0
H5o3DGflWt0,Moderately Destructive,0,0.0
H5o3DGflWt0,Highly Destructive,0,0.0
H8f7d2LUFFs,Constructive,0,0.0
H8f7d2LUFFs,Slight/Neutral,2,66.7
H8f7d2LUFFs,Moderately Destructive,1,33.3
H8f7d2LUFFs,Highly Destructive,0,0.0
HM4DHx83qEY,Constructive,0,0.0
HM4DHx83qEY,Slight/Neutral,0,0.0
HM4DHx83qEY,Moderately Destructive,2,100.0
HM4DHx83qEY,Highly Destructive,0,0.0
HXEAHjxO1Mc,Constructive,9,28.1
HXEAHjxO1Mc,Slight/Neutral,8,25.0
HXEAHjxO1Mc,Moderately Destructive,10,31.2
HXEAHjxO1Mc,Highly Destructive,5,15.6
HaY8lEyvrz4,Constructive,0,0.0
HaY8lEyvrz4,Slight/Neutral,0,0.0
HaY8lEyvrz4,Moderately Destructive,0,0.0
HaY8lEyvrz4,Highly Destructive,1,100.0
Hh7sba8b0Oc,Constructive,22,20.6
Hh7sba8b0Oc,Slight/Neutral,30,28.0
Hh7sba8b0Oc,Moderately Destructive,24,22.4
Hh7sba8b0Oc,Highly Destructive,31,29.0
HjgTrLo1N9Q,Constructive,0,0.0
HjgTrLo1N9Q,Slight/Neutral,0,0.0
HjgTrLo1N9Q,Moderately Destructive,0,0.0
HjgTrLo1N9Q,Highly Destructive,1,100.0
Hl6-YaeelhY,Constructive,0,0.0
Hl6-YaeelhY,Slight/Neutral,0,0.0
Hl6-YaeelhY,Moderately Destructive,2,100.0
Hl6-YaeelhY,Highly Destructive,0,0.0
HzKsaf1Iis4,Constructive,0,0.0
HzKsaf1Iis4,Slight/Neutral,1,50.0
HzKsaf1Iis4,Moderately Destructive,1,50.0
HzKsaf1Iis4,Highly Destructive,0,0.0
I5TxzJSUz98,Constructive,3,75.0
I5TxzJSUz98,Slight/Neutral,0,0.0
I5TxzJSUz98,Moderately Destructive,1,25.0
I5TxzJSUz98,Highly Destructive,0,0.0
I6LiUDFmQYQ,Constructive,0,0.0
I6LiUDFmQYQ,Slight/Neutral,0,0.0
I6LiUDFmQYQ,Moderately Destructive,2,100.0
I6LiUDFmQYQ,Highly Destructive,0,0.0
IBeypgGqM28,Constructive,0,0.0
IBeypgGqM28,Slight/Neutral,1,100.0
IBeypgGqM28,Moderately Destructive,0,0.0
IBeypgGqM28,Highly Destructive,0,0.0
ICSAxp_-6co,Constructive,0,0.0
ICSAxp_-6co,Slight/Neutral,1,100.0
ICSAxp_-6co,Moderately Destructive,0,0.0
ICSAxp_-6co,Highly Destructive,0,0.0
IDI5BRaZG9Q,Constructive,0,0.0
IDI5BRaZG9Q,Slight/Neutral,0,0.0
IDI5BRaZG9Q,Moderately Destructive,0,0.0
IDI5BRaZG9Q,Highly Destructive,1,100.0
ILC9CYg5d7o,Constructive,2,66.7
ILC9CYg5d7o,Slight/Neutral,1,33.3
ILC9CYg5d7o,Moderately Destructive,0,0.0
ILC9CYg5d7o,Highly Destructive,0,0.0
INYHeAvMsvs,Constructive,0,0.0
INYHeAvMsvs,Slight/Neutral,0,0.0
INYHeAvMsvs,Moderately Destructive,1,100.0
INYHeAvMsvs,Highly Destructive,0,0.0
I_BPCb-5s_Y,Constructive,0,0.0
I_BPCb-5s_Y,Slight/Neutral,0,0.0
I_BPCb-5s_Y,Moderately Destructive,1,100.0
I_BPCb-5s_Y,Highly Destructive,0,0.0
Ih1O0JpOInA,Constructive,0,0.0
Ih1O0JpOInA,Slight/Neutral,0,0.0
Ih1O0JpOInA,Moderately Destructive,1,100.0
Ih1O0JpOInA,Highly Destructive,0,0.0
IvXIpZWRWe0,Constructive,0,0.0
IvXIpZWRWe0,Slight/Neutral,1,100.0
IvXIpZWRWe0,Moderately Destructive,0,0.0
IvXIpZWRWe0,Highly Destructive,0,0.0
J1TtGHgiQEQ,Constructive,4,33.3
J1TtGHgiQEQ,Slight/Neutral,3,25.0
J1TtGHgiQEQ,Moderately Destructive,4,33.3
J1TtGHgiQEQ,Highly Destructive,1,8.3
JRIZCwVdUAM,Constructive,0,0.0
JRIZCwVdUAM,Slight/Neutral,0,0.0
JRIZCwVdUAM,Moderately Destructive,1,100.0
JRIZCwVdUAM,Highly Destructive,0,0.0
JXOtsZz2TtE,Constructive,0,0.0
JXOtsZz2TtE,Slight/Neutral,0,0.0
JXOtsZz2TtE,Moderately Destructive,1,100.0
JXOtsZz2TtE,Highly Destructive,0,0.0
Jb3bfQdTjUY,Constructive,0,0.0
Jb3bfQdTjUY,Slight/Neutral,0,0.0
Jb3bfQdTjUY,Moderately Destructive,1,100.0
Jb3bfQdTjUY,Highly Destructive,0,0.0
JwnMPaUoSnc,Constructive,0,0.0
JwnMPaUoSnc,Slight/Neutral,1,100.0
JwnMPaUoSnc,Moderately Destructive,0,0.0
JwnMPaUoSnc,Highly Destructive,0,0.0
K4UIQgrNPx0,Constructive,9,56.2
K4UIQgrNPx0,Slight/Neutral,4,25.0
K4UIQgrNPx0,Moderately Destructive,2,12.5
K4UIQgrNPx0,Highly Destructive,1,6.2
KCcugsXF8m8,Constructive,0,0.0
KCcugsXF8m8,Slight/Neutral,1,33.3
KCcugsXF8m8,Moderately Destructive,2,66.7
KCcugsXF8m8,Highly Destructive,0,0.0
KLJBTxmT1Xk,Constructive,2,33.3
KLJBTxmT1Xk,Slight/Neutral,2,33.3
KLJBTxmT1Xk,Moderately Destructive,1,16.7
KLJBTxmT1Xk,Highly Destructive,1,16.7
KMsbDseWv-A,Constructive,1,50.0
KMsbDseWv-A,Slight/Neutral,0,0.0
KMsbDseWv-A,Moderately Destructive,1,50.0
KMsbDseWv-A,Highly Destructive,0,0.0
KNirVat8c98,Constructive,0,0.0
KNirVat8c98,Slight/Neutral,2,18.2
KNirVat8c98,Moderately Destructive,8,72.7
KNirVat8c98,Highly Destructive,1,9.1
Kb2zh_XQMQ8,Constructive,2,40.0
Kb2zh_XQMQ8,Slight/Neutral,2,40.0
Kb2zh_XQMQ8,Moderately Destructive,1,20.0
Kb2zh_XQMQ8,Highly Destructive,0,0.0
Kd4uQE6cVQA,Constructive,0,0.0
Kd4uQE6cVQA,Slight/Neutral,1,100.0
Kd4uQE6cVQA,Moderately Destructive,0,0.0
Kd4uQE6cVQA,Highly Destructive,0,0.0
KrHzZy9TAic,Constructive,0,0.0
KrHzZy9TAic,Slight/Neutral,1,50.0
KrHzZy9TAic,Moderately Destructive,1,50.0
KrHzZy9TAic,Highly Destructive,0,0.0
KyNua7-q36w,Constructive,4,36.4
KyNua7-q36w,Slight/Neutral,4,36.4
KyNua7-q36w,Moderately Destructive,2,18.2
KyNua7-q36w,Highly Destructive,1,9.1
KziN6aJLhMo,Constructive,0,0.0
KziN6aJLhMo,Slight/Neutral,1,100.0
KziN6aJLhMo,Moderately Destructive,0,0.0
KziN6aJLhMo,Highly Destructive,0,0.0
L56NrO7WmN0,Constructive,0,0.0
L56NrO7WmN0,Slight/Neutral,2,100.0
L56NrO7WmN0,Moderately Destructive,0,0.0
L56NrO7WmN0,Highly Destructive,0,0.0
LCCsuE2pG40,Constructive,1,100.0
LCCsuE2pG40,Slight/Neutral,0,0.0
LCCsuE2pG40,Moderately Destructive,0,0.0
LCCsuE2pG40,Highly Destructive,0,0.0
LGZpPSZRig4,Constructive,1,100.0
LGZpPSZRig4,Slight/Neutral,0,0.0
LGZpPSZRig4,Moderately Destructive,0,0.0
LGZpPSZRig4,Highly Destructive,0,0.0
LhbLu-lYQ90,Constructive,0,0.0
LhbLu-lYQ90,Slight/Neutral,2,40.0
LhbLu-lYQ90,Moderately Destructive,3,60.0
LhbLu-lYQ90,Highly Destructive,0,0.0
LrSFLhP9658,Constructive,0,0.0
LrSFLhP9658,Slight/Neutral,0,0.0
LrSFLhP9658,Moderately Destructive,1,100.0
LrSFLhP9658,Highly Destructive,0,0.0
Ltp2dzpyBDE,Constructive,0,0.0
Ltp2dzpyBDE,Slight/Neutral,0,0.0
Ltp2dzpyBDE,Moderately Destructive,1,100.0
Ltp2dzpyBDE,Highly Destructive,0,0.0
Lw7dnOCXWn0,Constructive,2,100.0
Lw7dnOCXWn0,Slight/Neutral,0,0.0
Lw7dnOCXWn0,Moderately Destructive,0,0.0
Lw7dnOCXWn0,Highly Destructive,0,0.0
M1xySs_ZTXk,Constructive,0,0.0
M1xySs_ZTXk,Slight/Neutral,0,0.0
M1xySs_ZTXk,Moderately Destructive,1,100.0
M1xySs_ZTXk,Highly Destructive,0,0.0
MW2ap6osShU,Constructive,1,50.0
MW2ap6osShU,Slight/Neutral,0,0.0
MW2ap6osShU,Moderately Destructive,1,50.0
MW2ap6osShU,Highly Destructive,0,0.0
MgzGOnpQ8M8,Constructive,1,100.0
MgzGOnpQ8M8,Slight/Neutral,0,0.0
MgzGOnpQ8M8,Moderately Destructive,0,0.0
MgzGOnpQ8M8,Highly Destructive,0,0.0
MrmuIDLQWXw,Constructive,0,0.0
MrmuIDLQWXw,Slight/Neutral,2,100.0
MrmuIDLQWXw,Moderately Destructive,0,0.0
MrmuIDLQWXw,Highly Destructive,0,0.0
MxcFoQGpN4s,Constructive,0,0.0
MxcFoQGpN4s,Slight/Neutral,0,0.0
MxcFoQGpN4s,Moderately Destructive,2,100.0
MxcFoQGpN4s,Highly Destructive,0,0.0
NO0Lf0x0vLw,Constructive,0,0.0
NO0Lf0x0vLw,Slight/Neutral,0,0.0
NO0Lf0x0vLw,Moderately Destructive,2,100.0
NO0Lf0x0vLw,Highly Destructive,0,0.0
Natrx8E0AwQ,Constructive,0,0.0
Natrx8E0AwQ,Slight/Neutral,0,0.0
Natrx8E0AwQ,Moderately Destructive,1,100.0
Natrx8E0AwQ,Highly Destructive,0,0.0
NetfaXZLqmw,Constructive,0,0.0
NetfaXZLqmw,Slight/Neutral,2,40.0
NetfaXZLqmw,Moderately Destructive,3,60.0
NetfaXZLqmw,Highly Destructive,0,0.0
O-2CNQg69zo,Constructive,0,0.0
O-2CNQg69zo,Slight/Neutral,2,100.0
O-2CNQg69zo,Moderately Destructive,0,0.0
O-2CNQg69zo,Highly Destructive,0,0.0
O58UoloGd80,Constructive,0,0.0
O58UoloGd80,Slight/Neutral,0,0.0
O58UoloGd80,Moderately Destructive,0,0.0
O58UoloGd80,Highly Destructive,1,100.0
ON0xT0rBeds,Constructive,2,28.6
ON0xT0rBeds,Slight/Neutral,5,71.4
ON0xT0rBeds,Moderately Destructive,0,0.0
ON0xT0rBeds,Highly Destructive,0,0.0
OUDtb-ev8Vk,Constructive,0,0.0
OUDtb-ev8Vk,Slight/Neutral,0,0.0
OUDtb-ev8Vk,Moderately Destructive,0,0.0
OUDtb-ev8Vk,Highly Destructive,1,100.0
OnzO1AbUiak,Constructive,0,0.0
OnzO1AbUiak,Slight/Neutral,0,0.0
OnzO1AbUiak,Moderately Destructive,2,100.0
OnzO1AbUiak,Highly Destructive,0,0.0
P0kMaS6zSNE,Constructive,0,0.0
P0kMaS6zSNE,Slight/Neutral,1,100.0
P0kMaS6zSNE,Moderately Destructive,0,0.0
P0kMaS6zSNE,Highly Destructive,0,0.0
P7RNRZxZTaE,Constructive,0,0.0
P7RNRZxZTaE,Slight/Neutral,2,66.7
P7RNRZxZTaE,Moderately Destructive,0,0.0
P7RNRZxZTaE,Highly Destructive,1,33.3
PLkbKr2OCj8,Constructive,0,0.0
PLkbKr2OCj8,Slight/Neutral,0,0.0
PLkbKr2OCj8,Moderately Destructive,3,100.0
PLkbKr2OCj8,Highly Destructive,0,0.0
PPjRqPUmPvk,Constructive,0,0.0
PPjRqPUmPvk,Slight/Neutral,1,25.0
PPjRqPUmPvk,Moderately Destructive,3,75.0
PPjRqPUmPvk,Highly Destructive,0,0.0
Pan6FY1loT4,Constructive,0,0.0
Pan6FY1loT4,Slight/Neutral,0,0.0
Pan6FY1loT4,Moderately Destructive,1,50.0
Pan6FY1loT4,Highly Destructive,1,50.0
QAMwlVDlzMQ,Constructive,0,0.0
QAMwlVDlzMQ,Slight/Neutral,0,0.0
QAMwlVDlzMQ,Moderately Destructive,0,0.0
QAMwlVDlzMQ,Highly Destructive,1,100.0
QPBO7KVI-TE,Constructive,0,0.0
QPBO7KVI-TE,Slight/Neutral,1,25.0
QPBO7KVI-TE,Moderately Destructive,3,75.0
QPBO7KVI-TE,Highly Destructive,0,0.0
QYgQVU22q6g,Constructive,0,0.0
QYgQVU22q6g,Slight/Neutral,0,0.0
QYgQVU22q6g,Moderately Destructive,2,100.0
QYgQVU22q6g,Highly Destructive,0,0.0
QZ0ftUGFZyE,Constructive,0,0.0
QZ0ftUGFZyE,Slight/Neutral,0,0.0
QZ0ftUGFZyE,Moderately Destructive,4,100.0
QZ0ftUGFZyE,Highly Destructive,0,0.0
Qe00bF4TdjA,Constructive,0,0.0
Qe00bF4TdjA,Slight/Neutral,1,100.0
Qe00bF4TdjA,Moderately Destructive,0,0.0
Qe00bF4TdjA,Highly Destructive,0,0.0
QezmXQhapuk,Constructive,1,20.0
QezmXQhapuk,Slight/Neutral,3,60.0
QezmXQhapuk,Moderately Destructive,0,0.0
QezmXQhapuk,Highly Destructive,1,20.0
QfSMo1voP-Q,Constructive,0,0.0
QfSMo1voP-Q,Slight/Neutral,0,0.0
QfSMo1voP-Q,Moderately Destructive,0,0.0
QfSMo1voP-Q,Highly Destructive,1,100.0
QnSWV1WQf0c,Constructive,0,0.0
QnSWV1WQf0c,Slight/Neutral,1,20.0
QnSWV1WQf0c,Moderately Destructive,3,60.0
QnSWV1WQf0c,Highly Destructive,1,20.0
QoRDSATBf1U,Constructive,0,0.0
QoRDSATBf1U,Slight/Neutral,0,0.0
QoRDSATBf1U,Moderately Destructive,2,66.7
QoRDSATBf1U,Highly Destructive,1,33.3
QpZd_pYnIDo,Constructive,0,0.0
QpZd_pYnIDo,Slight/Neutral,2,25.0
QpZd_pYnIDo,Moderately Destructive,4,50.0
QpZd_pYnIDo,Highly Destructive,2,25.0
Qyds5R3ORmc,Constructive,23,22.3
Qyds5R3ORmc,Slight/Neutral,18,17.5
Qyds5R3ORmc,Moderately Destructive,32,31.1
Qyds5R3ORmc,Highly Destructive,30,29.1
R4LRqEazb18,Constructive,1,100.0
R4LRqEazb18,Slight/Neutral,0,0.0
R4LRqEazb18,Moderately Destructive,0,0.0
R4LRqEazb18,Highly Destructive,0,0.0
RDEH0GnelI0,Constructive,1,100.0
RDEH0GnelI0,Slight/Neutral,0,0.0
RDEH0GnelI0,Moderately Destructive,0,0.0
RDEH0GnelI0,Highly Destructive,0,0.0
RPfktIoeJO8,Constructive,1,100.0
RPfktIoeJO8,Slight/Neutral,0,0.0
RPfktIoeJO8,Moderately Destructive,0,0.0
RPfktIoeJO8,Highly Destructive,0,0.0
RU_vmGjwEBk,Constructive,0,0.0
RU_vmGjwEBk,Slight/Neutral,0,0.0
RU_vmGjwEBk,Moderately Destructive,1,100.0
RU_vmGjwEBk,Highly Destructive,0,0.0
RZA5yDMv4KY,Constructive,0,0.0
RZA5yDMv4KY,Slight/Neutral,0,0.0
RZA5yDMv4KY,Moderately Destructive,1,100.0
RZA5yDMv4KY,Highly Destructive,0,0.0
Re5v1wRu_4o,Constructive,0,0.0
Re5v1wRu_4o,Slight/Neutral,0,0.0
Re5v1wRu_4o,Moderately Destructive,2,100.0
Re5v1wRu_4o,Highly Destructive,0,0.0
Rkr1ikvk3J8,Constructive,0,0.0
Rkr1ikvk3J8,Slight/Neutral,1,100.0
Rkr1ikvk3J8,Moderately Destructive,0,0.0
Rkr1ikvk3J8,Highly Destructive,0,0.0
RlLBt2OYHH8,Constructive,0,0.0
RlLBt2OYHH8,Slight/Neutral,3,75.0
RlLBt2OYHH8,Moderately Destructive,1,25.0
RlLBt2OYHH8,Highly Destructive,0,0.0
RlUlahGaYnM,Constructive,0,0.0
RlUlahGaYnM,Slight/Neutral,0,0.0
RlUlahGaYnM,Moderately Destructive,1,100.0
RlUlahGaYnM,Highly Destructive,0,0.0
S1ed7jbjNc4,Constructive,1,33.3
S1ed7jbjNc4,Slight/Neutral,1,33.3
S1ed7jbjNc4,Moderately Destructive,1,33.3
S1ed7jbjNc4,Highly Destructive,0,0.0
SAXdmURfez0,Constructive,0,0.0
SAXdmURfez0,Slight/Neutral,0,0.0
SAXdmURfez0,Moderately Destructive,1,100.0
SAXdmURfez0,Highly Destructive,0,0.0
SLXIw_osXzE,Constructive,0,0.0
SLXIw_osXzE,Slight/Neutral,0,0.0
SLXIw_osXzE,Moderately Destructive,1,100.0
SLXIw_osXzE,Highly Destructive,0,0.0
SNPVV5Ov1Qc,Constructive,2,66.7
SNPVV5Ov1Qc,Slight/Neutral,0,0.0
SNPVV5Ov1Qc,Moderately Destructive,1,33.3
SNPVV5Ov1Qc,Highly Destructive,0,0.0
STGMi7ZpGZ8,Constructive,5,27.8
STGMi7ZpGZ8,Slight/Neutral,7,38.9
STGMi7ZpGZ8,Moderately Destructive,5,27.8
STGMi7ZpGZ8,Highly Destructive,1,5.6
SprMcgfgqYI,Constructive,0,0.0
SprMcgfgqYI,Slight/Neutral,3,50.0
SprMcgfgqYI,Moderately Destructive,3,50.0
SprMcgfgqYI,Highly Destructive,0,0.0
T4QMZxnHP5Q,Constructive,1,50.0
T4QMZxnHP5Q,Slight/Neutral,0,0.0
T4QMZxnHP5Q,Moderately Destructive,0,0.0
T4QMZxnHP5Q,Highly Destructive,1,50.0
TB9dG9luTr4,Constructive,2,50.0
TB9dG9luTr4,Slight/Neutral,0,0.0
TB9dG9luTr4,Moderately Destructive,1,25.0
TB9dG9luTr4,Highly Destructive,1,25.0
TCsFQpwiFSs,Constructive,0,0.0
TCsFQpwiFSs,Slight/Neutral,0,0.0
TCsFQpwiFSs,Moderately Destructive,1,100.0
TCsFQpwiFSs,Highly Destructive,0,0.0
TI0T1pGMPUM,Constructive,0,0.0
TI0T1pGMPUM,Slight/Neutral,1,50.0
TI0T1pGMPUM,Moderately Destructive,1,50.0
TI0T1pGMPUM,Highly Destructive,0,0.0
TQeGkuKb2sc,Constructive,1,100.0
TQeGkuKb2sc,Slight/Neutral,0,0.0
TQeGkuKb2sc,Moderately Destructive,0,0.0
TQeGkuKb2sc,Highly Destructive,0,0.0
TTt-wJtdRRY,Constructive,0,0.0
TTt-wJtdRRY,Slight/Neutral,0,0.0
TTt-wJtdRRY,Moderately Destructive,1,100.0
TTt-wJtdRRY,Highly Destructive,0,0.0
TcEuuL6iTF0,Constructive,2,33.3
TcEuuL6iTF0,Slight/Neutral,2,33.3
TcEuuL6iTF0,Moderately Destructive,2,33.3
TcEuuL6iTF0,Highly Destructive,0,0.0
TtX1dH3rRqU,Constructive,4,16.7
TtX1dH3rRqU,Slight/Neutral,6,25.0
TtX1dH3rRqU,Moderately Destructive,10,41.7
TtX1dH3rRqU,Highly Destructive,4,16.7
Tt_Og1CUsrg,Constructive,0,0.0
Tt_Og1CUsrg,Slight/Neutral,1,100.0
Tt_Og1CUsrg,Moderately Destructive,0,0.0
Tt_Og1CUsrg,Highly Destructive,0,0.0
TzFs169aStY,Constructive,0,0.0
TzFs169aStY,Slight/Neutral,0,0.0
TzFs169aStY,Moderately Destructive,1,100.0
TzFs169aStY,Highly Destructive,0,0.0
UKCTnQpcqPE,Constructive,0,0.0
UKCTnQpcqPE,Slight/Neutral,0,0.0
UKCTnQpcqPE,Moderately Destructive,3,100.0
UKCTnQpcqPE,Highly Destructive,0,0.0
UKEQ2dZz_fo,Constructive,0,0.0
UKEQ2dZz_fo,Slight/Neutral,0,0.0
UKEQ2dZz_fo,Moderately Destructive,2,100.0
UKEQ2dZz_fo,Highly Destructive,0,0.0
UQsevMhswEs,Constructive,3,60.0
UQsevMhswEs,Slight/Neutral,1,20.0
UQsevMhswEs,Moderately Destructive,0,0.0
UQsevMhswEs,Highly Destructive,1,20.0
UfLl13U--Sk,Constructive,1,50.0
UfLl13U--Sk,Slight/Neutral,0,0.0
UfLl13U--Sk,Moderately Destructive,1,50.0
UfLl13U--Sk,Highly Destructive,0,0.0
UpnMazw8xRc,Constructive,1,14.3
UpnMazw8xRc,Slight/Neutral,2,28.6
UpnMazw8xRc,Moderately Destructive,2,28.6
UpnMazw8xRc,Highly Destructive,2,28.6
Uq_tXqrhkus,Constructive,0,0.0
Uq_tXqrhkus,Slight/Neutral,1,100.0
Uq_tXqrhkus,Moderately Destructive,0,0.0
Uq_tXqrhkus,Highly Destructive,0,0.0
UtCABXcDf9s,Constructive,0,0.0
UtCABXcDf9s,Slight/Neutral,0,0.0
UtCABXcDf9s,Moderately Destructive,1,100.0
UtCABXcDf9s,Highly Destructive,0,0.0
Uv9iR4HWSIw,Constructive,0,0.0
Uv9iR4HWSIw,Slight/Neutral,1,50.0
Uv9iR4HWSIw,Moderately Destructive,1,50.0
Uv9iR4HWSIw,Highly Destructive,0,0.0
V-P1-JGsIkk,Constructive,0,0.0
V-P1-JGsIkk,Slight/Neutral,0,0.0
V-P1-JGsIkk,Moderately Destructive,1,100.0
V-P1-JGsIkk,Highly Destructive,0,0.0
V2HStkIjtxQ,Constructive,0,0.0
V2HStkIjtxQ,Slight/Neutral,0,0.0
V2HStkIjtxQ,Moderately Destructive,3,100.0
V2HStkIjtxQ,Highly Destructive,0,0.0
V4oXilJcdIM,Constructive,1,33.3
V4oXilJcdIM,Slight/Neutral,0,0.0
V4oXilJcdIM,Moderately Destructive,1,33.3
V4oXilJcdIM,Highly Destructive,1,33.3
VBgm8XHHmqI,Constructive,0,0.0
VBgm8XHHmqI,Slight/Neutral,0,0.0
VBgm8XHHmqI,Moderately Destructive,1,100.0
VBgm8XHHmqI,Highly Destructive,0,0.0
VBqyp3R_6EY,Constructive,1,100.0
VBqyp3R_6EY,Slight/Neutral,0,0.0
VBqyp3R_6EY,Moderately Destructive,0,0.0
VBqyp3R_6EY,Highly Destructive,0,0.0
VCFVfF4ktUs,Constructive,0,0.0
VCFVfF4ktUs,Slight/Neutral,0,0.0
VCFVfF4ktUs,Moderately Destructive,1,100.0
VCFVfF4ktUs,Highly Destructive,0,0.0
VE5e_ljOpc4,Constructive,3,50.0
VE5e_ljOpc4,Slight/Neutral,0,0.0
VE5e_ljOpc4,Moderately Destructive,3,50.0
VE5e_ljOpc4,Highly Destructive,0,0.0
VGA6WaqsGZk,Constructive,1,50.0
VGA6WaqsGZk,Slight/Neutral,1,50.0
VGA6WaqsGZk,Moderately Destructive,0,0.0
VGA6WaqsGZk,Highly Destructive,0,0.0
VU7r6hiqLBY,Constructive,1,100.0
VU7r6hiqLBY,Slight/Neutral,0,0.0
VU7r6hiqLBY,Moderately Destructive,0,0.0
VU7r6hiqLBY,Highly Destructive,0,0.0
Vdtfq7uwrjE,Constructive,2,33.3
Vdtfq7uwrjE,Slight/Neutral,2,33.3
Vdtfq7uwrjE,Moderately Destructive,0,0.0
Vdtfq7uwrjE,Highly Destructive,2,33.3
VjLrb1ZgFjg,Constructive,1,50.0
VjLrb1ZgFjg,Slight/Neutral,0,0.0
VjLrb1ZgFjg,Moderately Destructive,1,50.0
VjLrb1ZgFjg,Highly Destructive,0,0.0
VkaHEoND_sM,Constructive,0,0.0
VkaHEoND_sM,Slight/Neutral,1,50.0
VkaHEoND_sM,Moderately Destructive,1,50.0
VkaHEoND_sM,Highly Destructive,0,0.0
VrEnAgHBSOc,Constructive,11,39.3
VrEnAgHBSOc,Slight/Neutral,5,17.9
VrEnAgHBSOc,Moderately Destructive,9,32.1
VrEnAgHBSOc,Highly Destructive,3,10.7
WD_SOzHqIrc,Constructive,0,0.0
WD_SOzHqIrc,Slight/Neutral,0,0.0
WD_SOzHqIrc,Moderately Destructive,1,100.0
WD_SOzHqIrc,Highly Destructive,0,0.0
WGlMpT_dXb0,Constructive,0,0.0
WGlMpT_dXb0,Slight/Neutral,2,40.0
WGlMpT_dXb0,Moderately Destructive,2,40.0
WGlMpT_dXb0,Highly Destructive,1,20.0
WO8g7cT4PYg,Constructive,0,0.0
WO8g7cT4PYg,Slight/Neutral,1,50.0
WO8g7cT4PYg,Moderately Destructive,1,50.0
WO8g7cT4PYg,Highly Destructive,0,0.0
WPDqtwuXiPk,Constructive,6,46.2
WPDqtwuXiPk,Slight/Neutral,5,38.5
WPDqtwuXiPk,Moderately Destructive,2,15.4
WPDqtwuXiPk,Highly Destructive,0,0.0
WQO_rcI-fMQ,Constructive,1,100.0
WQO_rcI-fMQ,Slight/Neutral,0,0.0
WQO_rcI-fMQ,Moderately Destructive,0,0.0
WQO_rcI-fMQ,Highly Destructive,0,0.0
WT2Ndkdak_0,Constructive,0,0.0
WT2Ndkdak_0,Slight/Neutral,1,33.3
WT2Ndkdak_0,Moderately Destructive,1,33.3
WT2Ndkdak_0,Highly Destructive,1,33.3
WUuXfwvKBgY,Constructive,0,0.0
WUuXfwvKBgY,Slight/Neutral,0,0.0
WUuXfwvKBgY,Moderately Destructive,3,100.0
WUuXfwvKBgY,Highly Destructive,0,0.0
W_ruQlie9ag,Constructive,0,0.0
W_ruQlie9ag,Slight/Neutral,1,33.3
W_ruQlie9ag,Moderately Destructive,2,66.7
W_ruQlie9ag,Highly Destructive,0,0.0
WqhAttUIDPE,Constructive,0,0.0
WqhAttUIDPE,Slight/Neutral,1,100.0
WqhAttUIDPE,Moderately Destructive,0,0.0
WqhAttUIDPE,Highly Destructive,0,0.0
WqhrlxIarPk,Constructive,0,0.0
WqhrlxIarPk,Slight/Neutral,0,0.0
WqhrlxIarPk,Moderately Destructive,3,100.0
WqhrlxIarPk,Highly Destructive,0,0.0
X-aWFdgQ4wU,Constructive,0,0.0
X-aWFdgQ4wU,Slight/Neutral,0,0.0
X-aWFdgQ4wU,Moderately Destructive,1,100.0
X-aWFdgQ4wU,Highly Destructive,0,0.0
X5-WJF2OlwE,Constructive,1,100.0
X5-WJF2OlwE,Slight/Neutral,0,0.0
X5-WJF2OlwE,Moderately Destructive,0,0.0
X5-WJF2OlwE,Highly Destructive,0,0.0
X7Se7nABZWI,Constructive,1,14.3
X7Se7nABZWI,Slight/Neutral,2,28.6
X7Se7nABZWI,Moderately Destructive,3,42.9
X7Se7nABZWI,Highly Destructive,1,14.3
XHt20WuROPU,Constructive,0,0.0
XHt20WuROPU,Slight/Neutral,2,50.0
XHt20WuROPU,Moderately Destructive,1,25.0
XHt20WuROPU,Highly Destructive,1,25.0
XL8bHVJth6w,Constructive,0,0.0
XL8bHVJth6w,Slight/Neutral,0,0.0
XL8bHVJth6w,Moderately Destructive,1,100.0
XL8bHVJth6w,Highly Destructive,0,0.0
XXoE5qXtkHY,Constructive,0,0.0
XXoE5qXtkHY,Slight/Neutral,1,50.0
XXoE5qXtkHY,Moderately Destructive,1,50.0
XXoE5qXtkHY,Highly Destructive,0,0.0
XYH0zjRzcQg,Constructive,0,0.0
XYH0zjRzcQg,Slight/Neutral,0,0.0
XYH0zjRzcQg,Moderately Destructive,1,100.0
XYH0zjRzcQg,Highly Destructive,0,0.0
Xjl7yFr6_-I,Constructive,0,0.0
Xjl7yFr6_-I,Slight/Neutral,0,0.0
Xjl7yFr6_-I,Moderately Destructive,1,100.0
Xjl7yFr6_-I,Highly Destructive,0,0.0
XnhWptOoBLQ,Constructive,1,25.0
XnhWptOoBLQ,Slight/Neutral,1,25.0
XnhWptOoBLQ,Moderately Destructive,2,50.0
XnhWptOoBLQ,Highly Destructive,0,0.0
Xw8enEYHPnY,Constructive,0,0.0
Xw8enEYHPnY,Slight/Neutral,0,0.0
Xw8enEYHPnY,Moderately Destructive,2,100.0
Xw8enEYHPnY,Highly Destructive,0,0.0
Y0EiXq_zOX8,Constructive,0,0.0
Y0EiXq_zOX8,Slight/Neutral,0,0.0
Y0EiXq_zOX8,Moderately Destructive,1,100.0
Y0EiXq_zOX8,Highly Destructive,0,0.0
Y7sJzBORXXw,Constructive,1,33.3
Y7sJzBORXXw,Slight/Neutral,0,0.0
Y7sJzBORXXw,Moderately Destructive,2,66.7
Y7sJzBORXXw,Highly Destructive,0,0.0
YGwB_OtRRCU,Constructive,0,0.0
YGwB_OtRRCU,Slight/Neutral,0,0.0
YGwB_OtRRCU,Moderately Destructive,1,100.0
YGwB_OtRRCU,Highly Destructive,0,0.0
YoCJPB5SkU8,Constructive,0,0.0
YoCJPB5SkU8,Slight/Neutral,0,0.0
YoCJPB5SkU8,Moderately Destructive,1,100.0
YoCJPB5SkU8,Highly Destructive,0,0.0
YyLL93TmVjw,Constructive,1,33.3
YyLL93TmVjw,Slight/Neutral,0,0.0
YyLL93TmVjw,Moderately Destructive,2,66.7
YyLL93TmVjw,Highly Destructive,0,0.0
Z1wxEfIrrPU,Constructive,0,0.0
Z1wxEfIrrPU,Slight/Neutral,0,0.0
Z1wxEfIrrPU,Moderately Destructive,1,100.0
Z1wxEfIrrPU,Highly Destructive,0,0.0
ZHNPkza8hbU,Constructive,0,0.0
ZHNPkza8hbU,Slight/Neutral,1,100.0
ZHNPkza8hbU,Moderately Destructive,0,0.0
ZHNPkza8hbU,Highly Destructive,0,0.0
Zfzw9U6EbAg,Constructive,0,0.0
Zfzw9U6EbAg,Slight/Neutral,1,33.3
Zfzw9U6EbAg,Moderately Destructive,2,66.7
Zfzw9U6EbAg,Highly Destructive,0,0.0
ZgbvQGX3OgQ,Constructive,0,0.0
ZgbvQGX3OgQ,Slight/Neutral,0,0.0
ZgbvQGX3OgQ,Moderately Destructive,1,100.0
ZgbvQGX3OgQ,Highly Destructive,0,0.0
ZqxzvaZds74,Constructive,0,0.0
ZqxzvaZds74,Slight/Neutral,0,0.0
ZqxzvaZds74,Moderately Destructive,1,100.0
ZqxzvaZds74,Highly Destructive,0,0.0
ZwnFCxsGesg,Constructive,0,0.0
ZwnFCxsGesg,Slight/Neutral,0,0.0
ZwnFCxsGesg,Moderately Destructive,4,100.0
ZwnFCxsGesg,Highly Destructive,0,0.0
Zx2nthzE34s,Constructive,1,20.0
Zx2nthzE34s,Slight/Neutral,0,0.0
Zx2nthzE34s,Moderately Destructive,3,60.0
Zx2nthzE34s,Highly Destructive,1,20.0
_4H8nTbtYDM,Constructive,0,0.0
_4H8nTbtYDM,Slight/Neutral,0,0.0
_4H8nTbtYDM,Moderately Destructive,0,0.0
_4H8nTbtYDM,Highly Destructive,1,100.0
_4cw2GxeoMw,Constructive,0,0.0
_4cw2GxeoMw,Slight/Neutral,1,100.0
_4cw2GxeoMw,Moderately Destructive,0,0.0
_4cw2GxeoMw,Highly Destructive,0,0.0
_9wDuU0GIJU,Constructive,0,0.0
_9wDuU0GIJU,Slight/Neutral,0,0.0
_9wDuU0GIJU,Moderately Destructive,2,66.7
_9wDuU0GIJU,Highly Destructive,1,33.3
_DTQLngsNw4,Constructive,0,0.0
_DTQLngsNw4,Slight/Neutral,0,0.0
_DTQLngsNw4,Moderately Destructive,1,100.0
_DTQLngsNw4,Highly Destructive,0,0.0
_G_OWfYb2J8,Constructive,0,0.0
_G_OWfYb2J8,Slight/Neutral,1,50.0
_G_OWfYb2J8,Moderately Destructive,1,50.0
_G_OWfYb2J8,Highly Destructive,0,0.0
_H87SorDSF0,Constructive,0,0.0
_H87SorDSF0,Slight/Neutral,0,0.0
_H87SorDSF0,Moderately Destructive,1,100.0
_H87SorDSF0,Highly Destructive,0,0.0
_MEZKinUlVE,Constructive,0,0.0
_MEZKinUlVE,Slight/Neutral,0,0.0
_MEZKinUlVE,Moderately Destructive,0,0.0
_MEZKinUlVE,Highly Destructive,1,100.0
_PLx9y_QuDc,Constructive,0,0.0
_PLx9y_QuDc,Slight/Neutral,1,100.0
_PLx9y_QuDc,Moderately Destructive,0,0.0
_PLx9y_QuDc,Highly Destructive,0,0.0
_QSyGz3OmSM,Constructive,0,0.0
_QSyGz3OmSM,Slight/Neutral,0,0.0
_QSyGz3OmSM,Moderately Destructive,1,50.0
_QSyGz3OmSM,Highly Destructive,1,50.0
_RMlV5f2HhU,Constructive,1,100.0
_RMlV5f2HhU,Slight/Neutral,0,0.0
_RMlV5f2HhU,Moderately Destructive,0,0.0
_RMlV5f2HhU,Highly Destructive,0,0.0
_Ujz8DWbuK8,Constructive,0,0.0
_Ujz8DWbuK8,Slight/Neutral,1,25.0
_Ujz8DWbuK8,Moderately Destructive,3,75.0
_Ujz8DWbuK8,Highly Destructive,0,0.0
__ALL__,Constructive,412,20.6
__ALL__,Slight/Neutral,487,24.4
__ALL__,Moderately Destructive,829,41.5
__ALL__,Highly Destructive,272,13.6
_bHi09-Z7cQ,Constructive,0,0.0
_bHi09-Z7cQ,Slight/Neutral,0,0.0
_bHi09-Z7cQ,Moderately Destructive,2,100.0
_bHi09-Z7cQ,Highly Destructive,0,0.0
_mRLOtbVa-Q,Constructive,1,100.0
_mRLOtbVa-Q,Slight/Neutral,0,0.0
_mRLOtbVa-Q,Moderately Destructive,0,0.0
_mRLOtbVa-Q,Highly Destructive,0,0.0
_w9kUZcU4LA,Constructive,0,0.0
_w9kUZcU4LA,Slight/Neutral,0,0.0
_w9kUZcU4LA,Moderately Destructive,1,100.0
_w9kUZcU4LA,Highly Destructive,0,0.0
a1pCCuJHibk,Constructive,9,27.3
a1pCCuJHibk,Slight/Neutral,8,24.2
a1pCCuJHibk,Moderately Destructive,10,30.3
a1pCCuJHibk,Highly Destructive,6,18.2
a6w9Lfvcb8Q,Constructive,6,30.0
a6w9Lfvcb8Q,Slight/Neutral,6,30.0
a6w9Lfvcb8Q,Moderately Destructive,5,25.0
a6w9Lfvcb8Q,Highly Destructive,3,15.0
a9B8KeKgd8k,Constructive,0,0.0
a9B8KeKgd8k,Slight/Neutral,3,27.3
a9B8KeKgd8k,Moderately Destructive,6,54.5
a9B8KeKgd8k,Highly Destructive,2,18.2
aDbCT1CdSuo,Constructive,0,0.0
aDbCT1CdSuo,Slight/Neutral,1,50.0
aDbCT1CdSuo,Moderately Destructive,1,50.0
aDbCT1CdSuo,Highly Destructive,0,0.0
aPjAExvup18,Constructive,0,0.0
aPjAExvup18,Slight/Neutral,0,0.0
aPjAExvup18,Moderately Destructive,2,100.0
aPjAExvup18,Highly Destructive,0,0.0
aQKyTQ_0l8Y,Constructive,0,0.0
aQKyTQ_0l8Y,Slight/Neutral,0,0.0
aQKyTQ_0l8Y,Moderately Destructive,1,100.0
aQKyTQ_0l8Y,Highly Destructive,0,0.0
aUa6sgzZIYk,Constructive,0,0.0
aUa6sgzZIYk,Slight/Neutral,0,0.0
aUa6sgzZIYk,Moderately Destructive,2,100.0
aUa6sgzZIYk,Highly Destructive,0,0.0
aYDViM0uegw,Constructive,0,0.0
aYDViM0uegw,Slight/Neutral,0,0.0
aYDViM0uegw,Moderately Destructive,1,100.0
aYDViM0uegw,Highly Destructive,0,0.0
ajVguVBvuiw,Constructive,0,0.0
ajVguVBvuiw,Slight/Neutral,0,0.0
ajVguVBvuiw,Moderately Destructive,0,0.0
ajVguVBvuiw,Highly Destructive,1,100.0
anKw-OyS5Z4,Constructive,1,33.3
anKw-OyS5Z4,Slight/Neutral,0,0.0
anKw-OyS5Z4,Moderately Destructive,1,33.3
anKw-OyS5Z4,Highly Destructive,1,33.3
b4fLjOVoKag,Constructive,1,20.0
b4fLjOVoKag,Slight/Neutral,2,40.0
b4fLjOVoKag,Moderately Destructive,2,40.0
b4fLjOVoKag,Highly Destructive,0,0.0
bChYUE3HWHE,Constructive,0,0.0
bChYUE3HWHE,Slight/Neutral,0,0.0
bChYUE3HWHE,Moderately Destructive,1,100.0
bChYUE3HWHE,Highly Destructive,0,0.0
bDPGywNXpAg,Constructive,1,50.0
bDPGywNXpAg,Slight/Neutral,0,0.0
bDPGywNXpAg,Moderately Destructive,1,50.0
bDPGywNXpAg,Highly Destructive,0,0.0
bEsFAWsvj04,Constructive,0,0.0
bEsFAWsvj04,Slight/Neutral,0,0.0
bEsFAWsvj04,Moderately Destructive,2,100.0
bEsFAWsvj04,Highly Destructive,0,0.0
bJ7v7RDHdY0,Constructive,1,16.7
bJ7v7RDHdY0,Slight/Neutral,3,50.0
bJ7v7RDHdY0,Moderately Destructive,1,16.7
bJ7v7RDHdY0,Highly Destructive,1,16.7
bNyaRdnPPrY,Constructive,0,0.0
bNyaRdnPPrY,Slight/Neutral,0,0.0
bNyaRdnPPrY,Moderately Destructive,1,50.0
bNyaRdnPPrY,Highly Destructive,1,50.0
bQCDrwWlTGA,Constructive,5,41.7
bQCDrwWlTGA,Slight/Neutral,4,33.3
bQCDrwWlTGA,Moderately Destructive,2,16.7
bQCDrwWlTGA,Highly Destructive,1,8.3
bYdLWE-ikqA,Constructive,0,0.0
bYdLWE-ikqA,Slight/Neutral,0,0.0
bYdLWE-ikqA,Moderately Destructive,1,100.0
bYdLWE-ikqA,Highly Destructive,0,0.0
brUMn--G3b4,Constructive,0,0.0
brUMn--G3b4,Slight/Neutral,0,0.0
brUMn--G3b4,Moderately Destructive,1,100.0
brUMn--G3b4,Highly Destructive,0,0.0
btz1VxGi_7s,Constructive,1,50.0
btz1VxGi_7s,Slight/Neutral,1,50.0
btz1VxGi_7s,Moderately Destructive,0,0.0
btz1VxGi_7s,Highly Destructive,0,0.0
byULNSSCGq0,Constructive,1,50.0
byULNSSCGq0,Slight/Neutral,0,0.0
byULNSSCGq0,Moderately Destructive,1,50.0
byULNSSCGq0,Highly Destructive,0,0.0
c04R9RnxdEQ,Constructive,0,0.0
c04R9RnxdEQ,Slight/Neutral,0,0.0
c04R9RnxdEQ,Moderately Destructive,1,100.0
c04R9RnxdEQ,Highly Destructive,0,0.0
c26W8Kr-3pE,Constructive,0,0.0
c26W8Kr-3pE,Slight/Neutral,0,0.0
c26W8Kr-3pE,Moderately Destructive,1,100.0
c26W8Kr-3pE,Highly Destructive,0,0.0
c7z1R_eXONA,Constructive,0,0.0
c7z1R_eXONA,Slight/Neutral,0,0.0
c7z1R_eXONA,Moderately Destructive,1,100.0
c7z1R_eXONA,Highly Destructive,0,0.0
cA96V0Tqe1Y,Constructive,0,0.0
cA96V0Tqe1Y,Slight/Neutral,0,0.0
cA96V0Tqe1Y,Moderately Destructive,1,100.0
cA96V0Tqe1Y,Highly Destructive,0,0.0
cB1uCYwvGng,Constructive,1,100.0
cB1uCYwvGng,Slight/Neutral,0,0.0
cB1uCYwvGng,Moderately Destructive,0,0.0
cB1uCYwvGng,Highly Destructive,0,0.0
cBemR-hvVzM,Constructive,0,0.0
cBemR-hvVzM,Slight/Neutral,0,0.0
cBemR-hvVzM,Moderately Destructive,2,100.0
cBemR-hvVzM,Highly Destructive,0,0.0
cRvupgVT-qo,Constructive,0,0.0
cRvupgVT-qo,Slight/Neutral,0,0.0
cRvupgVT-qo,Moderately Destructive,1,100.0
cRvupgVT-qo,Highly Destructive,0,0.0
cSBKzR5mJZo,Constructive,1,100.0
cSBKzR5mJZo,Slight/Neutral,0,0.0
cSBKzR5mJZo,Moderately Destructive,0,0.0
cSBKzR5mJZo,Highly Destructive,0,0.0
cZ8tR6ds9dU,Constructive,0,0.0
cZ8tR6ds9dU,Slight/Neutral,0,0.0
cZ8tR6ds9dU,Moderately Destructive,2,100.0
cZ8tR6ds9dU,Highly Destructive,0,0.0
ce0ENokxoJg,Constructive,0,0.0
ce0ENokxoJg,Slight/Neutral,0,0.0
ce0ENokxoJg,Moderately Destructive,1,100.0
ce0ENokxoJg,Highly Destructive,0,0.0
cgxMq50JhQA,Constructive,0,0.0
cgxMq50JhQA,Slight/Neutral,0,0.0
cgxMq50JhQA,Moderately Destructive,1,100.0
cgxMq50JhQA,Highly Destructive,0,0.0
d1q9pKiGVHU,Constructive,0,0.0
d1q9pKiGVHU,Slight/Neutral,0,0.0
d1q9pKiGVHU,Moderately Destructive,2,100.0
d1q9pKiGVHU,Highly Destructive,0,0.0
dDGWntK0r3o,Constructive,0,0.0
dDGWntK0r3o,Slight/Neutral,1,33.3
dDGWntK0r3o,Moderately Destructive,1,33.3
dDGWntK0r3o,Highly Destructive,1,33.3
dEQp7LysqYQ,Constructive,1,100.0
dEQp7LysqYQ,Slight/Neutral,0,0.0
dEQp7LysqYQ,Moderately Destructive,0,0.0
dEQp7LysqYQ,Highly Destructive,0,0.0
dGpd5uztEEM,Constructive,0,0.0
dGpd5uztEEM,Slight/Neutral,1,50.0
dGpd5uztEEM,Moderately Destructive,1,50.0
dGpd5uztEEM,Highly Destructive,0,0.0
dP26t60MKZQ,Constructive,0,0.0
dP26t60MKZQ,Slight/Neutral,0,0.0
dP26t60MKZQ,Moderately Destructive,1,100.0
dP26t60MKZQ,Highly Destructive,0,0.0
dWI7t19VBqA,Constructive,0,0.0
dWI7t19VBqA,Slight/Neutral,0,0.0
dWI7t19VBqA,Moderately Destructive,1,100.0
dWI7t19VBqA,Highly Destructive,0,0.0
dXEpSAOJWBE,Constructive,0,0.0
dXEpSAOJWBE,Slight/Neutral,0,0.0
dXEpSAOJWBE,Moderately Destructive,1,100.0
dXEpSAOJWBE,Highly Destructive,0,0.0
dXkwdHMlnMQ,Constructive,0,0.0
dXkwdHMlnMQ,Slight/Neutral,2,100.0
dXkwdHMlnMQ,Moderately Destructive,0,0.0
dXkwdHMlnMQ,Highly Destructive,0,0.0
dtlOUMEz4y8,Constructive,1,50.0
dtlOUMEz4y8,Slight/Neutral,0,0.0
dtlOUMEz4y8,Moderately Destructive,1,50.0
dtlOUMEz4y8,Highly Destructive,0,0.0
dvRk9lNsquU,Constructive,0,0.0
dvRk9lNsquU,Slight/Neutral,0,0.0
dvRk9lNsquU,Moderately Destructive,1,100.0
dvRk9lNsquU,Highly Destructive,0,0.0
eETzt5qnmEU,Constructive,0,0.0
eETzt5qnmEU,Slight/Neutral,0,0.0
eETzt5qnmEU,Moderately Destructive,1,100.0
eETzt5qnmEU,Highly Destructive,0,0.0
eKTOWD3Xzfw,Constructive,0,0.0
eKTOWD3Xzfw,Slight/Neutral,1,25.0
eKTOWD3Xzfw,Moderately Destructive,1,25.0
eKTOWD3Xzfw,Highly Destructive,2,50.0
eLUqNNZw3Gw,Constructive,0,0.0
eLUqNNZw3Gw,Slight/Neutral,0,0.0
eLUqNNZw3Gw,Moderately Destructive,1,100.0
eLUqNNZw3Gw,Highly Destructive,0,0.0
eXdkETk4GhU,Constructive,0,0.0
eXdkETk4GhU,Slight/Neutral,0,0.0
eXdkETk4GhU,Moderately Destructive,1,100.0
eXdkETk4GhU,Highly Destructive,0,0.0
eif6OpfdR7Q,Constructive,0,0.0
eif6OpfdR7Q,Slight/Neutral,0,0.0
eif6OpfdR7Q,Moderately Destructive,0,0.0
eif6OpfdR7Q,Highly Destructive,1,100.0
enUC5bDsU6A,Constructive,0,0.0
enUC5bDsU6A,Slight/Neutral,1,100.0
enUC5bDsU6A,Moderately Destructive,0,0.0
enUC5bDsU6A,Highly Destructive,0,0.0
expB5ZRlP64,Constructive,3,30.0
expB5ZRlP64,Slight/Neutral,5,50.0
expB5ZRlP64,Moderately Destructive,1,10.0
expB5ZRlP64,Highly Destructive,1,10.0
f6qnpoRsCFY,Constructive,1,25.0
f6qnpoRsCFY,Slight/Neutral,1,25.0
f6qnpoRsCFY,Moderately Destructive,2,50.0
f6qnpoRsCFY,Highly Destructive,0,0.0
fC7oui9QJFM,Constructive,0,0.0
fC7oui9QJFM,Slight/Neutral,0,0.0
fC7oui9QJFM,Moderately Destructive,1,100.0
fC7oui9QJFM,Highly Destructive,0,0.0
fHLfXJT3ywM,Constructive,0,0.0
fHLfXJT3ywM,Slight/Neutral,1,100.0
fHLfXJT3ywM,Moderately Destructive,0,0.0
fHLfXJT3ywM,Highly Destructive,0,0.0
fJtJk2USDZE,Constructive,0,0.0
fJtJk2USDZE,Slight/Neutral,1,100.0
fJtJk2USDZE,Moderately Destructive,0,0.0
fJtJk2USDZE,Highly Destructive,0,0.0
fNYWRDHMJtk,Constructive,0,0.0
fNYWRDHMJtk,Slight/Neutral,0,0.0
fNYWRDHMJtk,Moderately Destructive,1,100.0
fNYWRDHMJtk,Highly Destructive,0,0.0
fYQ5RVktyxs,Constructive,2,100.0
fYQ5RVktyxs,Slight/Neutral,0,0.0
fYQ5RVktyxs,Moderately Destructive,0,0.0
fYQ5RVktyxs,Highly Destructive,0,0.0
fdZJuAJ6XzQ,Constructive,0,0.0
fdZJuAJ6XzQ,Slight/Neutral,0,0.0
fdZJuAJ6XzQ,Moderately Destructive,1,100.0
fdZJuAJ6XzQ,Highly Destructive,0,0.0
fsXMGnHFiFM,Constructive,0,0.0
fsXMGnHFiFM,Slight/Neutral,0,0.0
fsXMGnHFiFM,Moderately Destructive,2,100.0
fsXMGnHFiFM,Highly Destructive,0,0.0
g8Gac6muoiM,Constructive,0,0.0
g8Gac6muoiM,Slight/Neutral,1,50.0
g8Gac6muoiM,Moderately Destructive,0,0.0
g8Gac6muoiM,Highly Destructive,1,50.0
gC-kDfnA68c,Constructive,0,0.0
gC-kDfnA68c,Slight/Neutral,1,100.0
gC-kDfnA68c,Moderately Destructive,0,0.0
gC-kDfnA68c,Highly Destructive,0,0.0
gIuSrjq4Zkw,Constructive,1,50.0
gIuSrjq4Zkw,Slight/Neutral,1,50.0
gIuSrjq4Zkw,Moderately Destructive,0,0.0
gIuSrjq4Zkw,Highly Destructive,0,0.0
gKcaV6Uo_0Q,Constructive,0,0.0
gKcaV6Uo_0Q,Slight/Neutral,0,0.0
gKcaV6Uo_0Q,Moderately Destructive,0,0.0
gKcaV6Uo_0Q,Highly Destructive,1,100.0
gNGQfpUTxik,Constructive,0,0.0
gNGQfpUTxik,Slight/Neutral,1,33.3
gNGQfpUTxik,Moderately Destructive,2,66.7
gNGQfpUTxik,Highly Destructive,0,0.0
gONVEEJcF8I,Constructive,0,0.0
gONVEEJcF8I,Slight/Neutral,0,0.0
gONVEEJcF8I,Moderately Destructive,1,100.0
gONVEEJcF8I,Highly Destructive,0,0.0
gbz_LecnBGs,Constructive,0,0.0
gbz_LecnBGs,Slight/Neutral,1,25.0
gbz_LecnBGs,Moderately Destructive,2,50.0
gbz_LecnBGs,Highly Destructive,1,25.0
gw9M8sBuk8Y,Constructive,0,0.0
gw9M8sBuk8Y,Slight/Neutral,0,0.0
gw9M8sBuk8Y,Moderately Destructive,1,100.0
gw9M8sBuk8Y,Highly Destructive,0,0.0
hAB3zYIMF9Y,Constructive,3,33.3
hAB3zYIMF9Y,Slight/Neutral,3,33.3
hAB3zYIMF9Y,Moderately Destructive,2,22.2
hAB3zYIMF9Y,Highly Destructive,1,11.1
hH7gDTruejQ,Constructive,1,25.0
hH7gDTruejQ,Slight/Neutral,0,0.0
hH7gDTruejQ,Moderately Destructive,3,75.0
hH7gDTruejQ,Highly Destructive,0,0.0
hQG4_okBIfA,Constructive,0,0.0
hQG4_okBIfA,Slight/Neutral,0,0.0
hQG4_okBIfA,Moderately Destructive,2,100.0
hQG4_okBIfA,Highly Destructive,0,0.0
hdGv0rFeFSg,Constructive,2,50.0
hdGv0rFeFSg,Slight/Neutral,1,25.0
hdGv0rFeFSg,Moderately Destructive,1,25.0
hdGv0rFeFSg,Highly Destructive,0,0.0
hfJIaRlvHOU,Constructive,1,100.0
hfJIaRlvHOU,Slight/Neutral,0,0.0
hfJIaRlvHOU,Moderately Destructive,0,0.0
hfJIaRlvHOU,Highly Destructive,0,0.0
iH7bLXpBMlM,Constructive,0,0.0
iH7bLXpBMlM,Slight/Neutral,0,0.0
iH7bLXpBMlM,Moderately Destructive,0,0.0
iH7bLXpBMlM,Highly Destructive,1,100.0
iVPW3eRY33c,Constructive,0,0.0
iVPW3eRY33c,Slight/Neutral,0,0.0
iVPW3eRY33c,Moderately Destructive,2,100.0
iVPW3eRY33c,Highly Destructive,0,0.0
inQNr-0w0G0,Constructive,0,0.0
inQNr-0w0G0,Slight/Neutral,0,0.0
inQNr-0w0G0,Moderately Destructive,1,100.0
inQNr-0w0G0,Highly Destructive,0,0.0
ioyfuDqZmZk,Constructive,14,48.3
ioyfuDqZmZk,Slight/Neutral,9,31.0
ioyfuDqZmZk,Moderately Destructive,4,13.8
ioyfuDqZmZk,Highly Destructive,2,6.9
ipTBJuwtb94,Constructive,0,0.0
ipTBJuwtb94,Slight/Neutral,0,0.0
ipTBJuwtb94,Moderately Destructive,3,100.0
ipTBJuwtb94,Highly Destructive,0,0.0
irIr3JuTbsM,Constructive,1,100.0
irIr3JuTbsM,Slight/Neutral,0,0.0
irIr3JuTbsM,Moderately Destructive,0,0.0
irIr3JuTbsM,Highly Destructive,0,0.0
irT1KtHWKR0,Constructive,0,0.0
irT1KtHWKR0,Slight/Neutral,0,0.0
irT1KtHWKR0,Moderately Destructive,1,100.0
irT1KtHWKR0,Highly Destructive,0,0.0
isc6Hay1JYs,Constructive,4,18.2
isc6Hay1JYs,Slight/Neutral,4,18.2
isc6Hay1JYs,Moderately Destructive,6,27.3
isc6Hay1JYs,Highly Destructive,8,36.4
itD6yXkO7qg,Constructive,0,0.0
itD6yXkO7qg,Slight/Neutral,1,50.0
itD6yXkO7qg,Moderately Destructive,1,50.0
itD6yXkO7qg,Highly Destructive,0,0.0
j6BwYgXmK44,Constructive,0,0.0
j6BwYgXmK44,Slight/Neutral,0,0.0
j6BwYgXmK44,Moderately Destructive,1,100.0
j6BwYgXmK44,Highly Destructive,0,0.0
jD0F7aWq4Ek,Constructive,0,0.0
jD0F7aWq4Ek,Slight/Neutral,1,100.0
jD0F7aWq4Ek,Moderately Destructive,0,0.0
jD0F7aWq4Ek,Highly Destructive,0,0.0
jLSHHfOCnKI,Constructive,0,0.0
jLSHHfOCnKI,Slight/Neutral,2,40.0
jLSHHfOCnKI,Moderately Destructive,2,40.0
jLSHHfOCnKI,Highly Destructive,1,20.0
jMmLJc2LwSU,Constructive,0,0.0
jMmLJc2LwSU,Slight/Neutral,1,100.0
jMmLJc2LwSU,Moderately Destructive,0,0.0
jMmLJc2LwSU,Highly Destructive,0,0.0
jPiNOjq4e6E,Constructive,0,0.0
jPiNOjq4e6E,Slight/Neutral,0,0.0
jPiNOjq4e6E,Moderately Destructive,1,100.0
jPiNOjq4e6E,Highly Destructive,0,0.0
jQqVY4crRmY,Constructive,0,0.0
jQqVY4crRmY,Slight/Neutral,0,0.0
jQqVY4crRmY,Moderately Destructive,1,100.0
jQqVY4crRmY,Highly Destructive,0,0.0
jadEA7cmsGo,Constructive,0,0.0
jadEA7cmsGo,Slight/Neutral,0,0.0
jadEA7cmsGo,Moderately Destructive,1,100.0
jadEA7cmsGo,Highly Destructive,0,0.0
jyoC1ARLNyQ,Constructive,0,0.0
jyoC1ARLNyQ,Slight/Neutral,0,0.0
jyoC1ARLNyQ,Moderately Destructive,1,100.0
jyoC1ARLNyQ,Highly Destructive,0,0.0
k86KasuTbFI,Constructive,0,0.0
k86KasuTbFI,Slight/Neutral,0,0.0
k86KasuTbFI,Moderately Destructive,1,100.0
k86KasuTbFI,Highly Destructive,0,0.0
kAk98Z1aFYw,Constructive,0,0.0
kAk98Z1aFYw,Slight/Neutral,0,0.0
kAk98Z1aFYw,Moderately Destructive,1,100.0
kAk98Z1aFYw,Highly Destructive,0,0.0
kC_mtpsvUJo,Constructive,2,100.0
kC_mtpsvUJo,Slight/Neutral,0,0.0
kC_mtpsvUJo,Moderately Destructive,0,0.0
kC_mtpsvUJo,Highly Destructive,0,0.0
kLkYfTat9ww,Constructive,0,0.0
kLkYfTat9ww,Slight/Neutral,0,0.0
kLkYfTat9ww,Moderately Destructive,1,100.0
kLkYfTat9ww,Highly Destructive,0,0.0
kqqgFHSsJs4,Constructive,2,13.3
kqqgFHSsJs4,Slight/Neutral,4,26.7
kqqgFHSsJs4,Moderately Destructive,6,40.0
kqqgFHSsJs4,Highly Destructive,3,20.0
ksbNSKIyjw0,Constructive,2,25.0
ksbNSKIyjw0,Slight/Neutral,2,25.0
ksbNSKIyjw0,Moderately Destructive,3,37.5
ksbNSKIyjw0,Highly Destructive,1,12.5
ktDLL7nyW8A,Constructive,2,33.3
ktDLL7nyW8A,Slight/Neutral,1,16.7
ktDLL7nyW8A,Moderately Destructive,2,33.3
ktDLL7nyW8A,Highly Destructive,1,16.7
kvqJGabgao8,Constructive,3,37.5
kvqJGabgao8,Slight/Neutral,2,25.0
kvqJGabgao8,Moderately Destructive,2,25.0
kvqJGabgao8,Highly Destructive,1,12.5
kys1QnNblWQ,Constructive,1,50.0
kys1QnNblWQ,Slight/Neutral,0,0.0
kys1QnNblWQ,Moderately Destructive,1,50.0
kys1QnNblWQ,Highly Destructive,0,0.0
kzj0CLWxxbc,Constructive,0,0.0
kzj0CLWxxbc,Slight/Neutral,0,0.0
kzj0CLWxxbc,Moderately Destructive,2,100.0
kzj0CLWxxbc,Highly Destructive,0,0.0
lG156KWmHa8,Constructive,0,0.0
lG156KWmHa8,Slight/Neutral,1,20.0
lG156KWmHa8,Moderately Destructive,4,80.0
lG156KWmHa8,Highly Destructive,0,0.0
lHlYUTyMdvg,Constructive,1,33.3
lHlYUTyMdvg,Slight/Neutral,1,33.3
lHlYUTyMdvg,Moderately Destructive,1,33.3
lHlYUTyMdvg,Highly Destructive,0,0.0
lck4alEFVbo,Constructive,1,100.0
lck4alEFVbo,Slight/Neutral,0,0.0
lck4alEFVbo,Moderately Destructive,0,0.0
lck4alEFVbo,Highly Destructive,0,0.0
ldIxVhdDDr4,Constructive,0,0.0
ldIxVhdDDr4,Slight/Neutral,0,0.0
ldIxVhdDDr4,Moderately Destructive,1,100.0
ldIxVhdDDr4,Highly Destructive,0,0.0
lzEbSW3uymQ,Constructive,0,0.0
lzEbSW3uymQ,Slight/Neutral,0,0.0
lzEbSW3uymQ,Moderately Destructive,1,100.0
lzEbSW3uymQ,Highly Destructive,0,0.0
m-5nBQJgGxM,Constructive,1,100.0
m-5nBQJgGxM,Slight/Neutral,0,0.0
m-5nBQJgGxM,Moderately Destructive,0,0.0
m-5nBQJgGxM,Highly Destructive,0,0.0
m3JgdtZ4Uew,Constructive,1,33.3
m3JgdtZ4Uew,Slight/Neutral,0,0.0
m3JgdtZ4Uew,Moderately Destructive,1,33.3
m3JgdtZ4Uew,Highly Destructive,1,33.3
mNnX_k9Blfw,Constructive,1,11.1
mNnX_k9Blfw,Slight/Neutral,0,0.0
mNnX_k9Blfw,Moderately Destructive,6,66.7
mNnX_k9Blfw,Highly Destructive,2,22.2
mrsoDH2A8jw,Constructive,1,14.3
mrsoDH2A8jw,Slight/Neutral,0,0.0
mrsoDH2A8jw,Moderately Destructive,4,57.1
mrsoDH2A8jw,Highly Destructive,2,28.6
muRmzWMbevQ,Constructive,0,0.0
muRmzWMbevQ,Slight/Neutral,0,0.0
muRmzWMbevQ,Moderately Destructive,0,0.0
muRmzWMbevQ,Highly Destructive,1,100.0
mw-35k8Fu6w,Constructive,0,0.0
mw-35k8Fu6w,Slight/Neutral,1,20.0
mw-35k8Fu6w,Moderately Destructive,3,60.0
mw-35k8Fu6w,Highly Destructive,1,20.0
n4bgBtWJ86s,Constructive,0,0.0
n4bgBtWJ86s,Slight/Neutral,1,100.0
n4bgBtWJ86s,Moderately Destructive,0,0.0
n4bgBtWJ86s,Highly Destructive,0,0.0
nTrRzo94BTc,Constructive,0,0.0
nTrRzo94BTc,Slight/Neutral,0,0.0
nTrRzo94BTc,Moderately Destructive,2,100.0
nTrRzo94BTc,Highly Destructive,0,0.0
nYOJ3utvVr4,Constructive,0,0.0
nYOJ3utvVr4,Slight/Neutral,0,0.0
nYOJ3utvVr4,Moderately Destructive,1,100.0
nYOJ3utvVr4,Highly Destructive,0,0.0
nddNHtMoqXg,Constructive,0,0.0
nddNHtMoqXg,Slight/Neutral,1,50.0
nddNHtMoqXg,Moderately Destructive,1,50.0
nddNHtMoqXg,Highly Destructive,0,0.0
nhrQrziOmoc,Constructive,0,0.0
nhrQrziOmoc,Slight/Neutral,0,0.0
nhrQrziOmoc,Moderately Destructive,1,100.0
nhrQrziOmoc,Highly Destructive,0,0.0
nsAy0uNq8p4,Constructive,0,0.0
nsAy0uNq8p4,Slight/Neutral,1,100.0
nsAy0uNq8p4,Moderately Destructive,0,0.0
nsAy0uNq8p4,Highly Destructive,0,0.0
nshuTCDLxrY,Constructive,0,0.0
nshuTCDLxrY,Slight/Neutral,1,25.0
nshuTCDLxrY,Moderately Destructive,3,75.0
nshuTCDLxrY,Highly Destructive,0,0.0
nwtpMW6A41Y,Constructive,0,0.0
nwtpMW6A41Y,Slight/Neutral,1,100.0
nwtpMW6A41Y,Moderately Destructive,0,0.0
nwtpMW6A41Y,Highly Destructive,0,0.0
oJVrgAel8K8,Constructive,0,0.0
oJVrgAel8K8,Slight/Neutral,0,0.0
oJVrgAel8K8,Moderately Destructive,2,100.0
oJVrgAel8K8,Highly Destructive,0,0.0
oKNG0SzXgQI,Constructive,0,0.0
oKNG0SzXgQI,Slight/Neutral,0,0.0
oKNG0SzXgQI,Moderately Destructive,1,100.0
oKNG0SzXgQI,Highly Destructive,0,0.0
oOgc61xpF4Q,Constructive,1,25.0
oOgc61xpF4Q,Slight/Neutral,1,25.0
oOgc61xpF4Q,Moderately Destructive,1,25.0
oOgc61xpF4Q,Highly Destructive,1,25.0
oOk7ori_ExE,Constructive,3,100.0
oOk7ori_ExE,Slight/Neutral,0,0.0
oOk7ori_ExE,Moderately Destructive,0,0.0
oOk7ori_ExE,Highly Destructive,0,0.0
oSDMEyJOXQs,Constructive,0,0.0
oSDMEyJOXQs,Slight/Neutral,0,0.0
oSDMEyJOXQs,Moderately Destructive,2,100.0
oSDMEyJOXQs,Highly Destructive,0,0.0
oURqtT6xjoE,Constructive,1,50.0
oURqtT6xjoE,Slight/Neutral,1,50.0
oURqtT6xjoE,Moderately Destructive,0,0.0
oURqtT6xjoE,Highly Destructive,0,0.0
oY1wnsX67eQ,Constructive,0,0.0
oY1wnsX67eQ,Slight/Neutral,1,50.0
oY1wnsX67eQ,Moderately Destructive,1,50.0
oY1wnsX67eQ,Highly Destructive,0,0.0
oaev688yk-s,Constructive,0,0.0
oaev688yk-s,Slight/Neutral,0,0.0
oaev688yk-s,Moderately Destructive,1,100.0
oaev688yk-s,Highly Destructive,0,0.0
odXMmIr_kNA,Constructive,0,0.0
odXMmIr_kNA,Slight/Neutral,1,33.3
odXMmIr_kNA,Moderately Destructive,2,66.7
odXMmIr_kNA,Highly Destructive,0,0.0
oqEX2nAKw0A,Constructive,2,100.0
oqEX2nAKw0A,Slight/Neutral,0,0.0
oqEX2nAKw0A,Moderately Destructive,0,0.0
oqEX2nAKw0A,Highly Destructive,0,0.0
oqSGT5RFCsU,Constructive,0,0.0
oqSGT5RFCsU,Slight/Neutral,1,100.0
oqSGT5RFCsU,Moderately Destructive,0,0.0
oqSGT5RFCsU,Highly Destructive,0,0.0
pEHgNdvvNks,Constructive,0,0.0
pEHgNdvvNks,Slight/Neutral,1,100.0
pEHgNdvvNks,Moderately Destructive,0,0.0
pEHgNdvvNks,Highly Destructive,0,0.0
pKGI648_dk0,Constructive,0,0.0
pKGI648_dk0,Slight/Neutral,0,0.0
pKGI648_dk0,Moderately Destructive,0,0.0
pKGI648_dk0,Highly Destructive,1,100.0
pW8atR-UVgQ,Constructive,1,100.0
pW8atR-UVgQ,Slight/Neutral,0,0.0
pW8atR-UVgQ,Moderately Destructive,0,0.0
pW8atR-UVgQ,Highly Destructive,0,0.0
pkfWmLDFVqQ,Constructive,0,0.0
pkfWmLDFVqQ,Slight/Neutral,0,0.0
pkfWmLDFVqQ,Moderately Destructive,2,100.0
pkfWmLDFVqQ,Highly Destructive,0,0.0
plYwA3vSEg0,Constructive,0,0.0
plYwA3vSEg0,Slight/Neutral,1,25.0
plYwA3vSEg0,Moderately Destructive,3,75.0
plYwA3vSEg0,Highly Destructive,0,0.0
q0400T0Qri0,Constructive,0,0.0
q0400T0Qri0,Slight/Neutral,0,0.0
q0400T0Qri0,Moderately Destructive,0,0.0
q0400T0Qri0,Highly Destructive,1,100.0
q3mDkDkW-gg,Constructive,0,0.0
q3mDkDkW-gg,Slight/Neutral,1,33.3
q3mDkDkW-gg,Moderately Destructive,1,33.3
q3mDkDkW-gg,Highly Destructive,1,33.3
qBBAmyMDcSg,Constructive,0,0.0
qBBAmyMDcSg,Slight/Neutral,0,0.0
qBBAmyMDcSg,Moderately Destructive,1,100.0
qBBAmyMDcSg,Highly Destructive,0,0.0
qF5DKT4XZrg,Constructive,0,0.0
qF5DKT4XZrg,Slight/Neutral,0,0.0
qF5DKT4XZrg,Moderately Destructive,1,100.0
qF5DKT4XZrg,Highly Destructive,0,0.0
qTgn_B0zN1Y,Constructive,0,0.0
qTgn_B0zN1Y,Slight/Neutral,1,50.0
qTgn_B0zN1Y,Moderately Destructive,0,0.0
qTgn_B0zN1Y,Highly Destructive,1,50.0
qaI_vbvlJuI,Constructive,0,0.0
qaI_vbvlJuI,Slight/Neutral,0,0.0
qaI_vbvlJuI,Moderately Destructive,2,100.0
qaI_vbvlJuI,Highly Destructive,0,0.0
qaThP9P5ezU,Constructive,0,0.0
qaThP9P5ezU,Slight/Neutral,1,100.0
qaThP9P5ezU,Moderately Destructive,0,0.0
qaThP9P5ezU,Highly Destructive,0,0.0
ql4kstYKAZ0,Constructive,1,25.0
ql4kstYKAZ0,Slight/Neutral,2,50.0
ql4kstYKAZ0,Moderately Destructive,0,0.0
ql4kstYKAZ0,Highly Destructive,1,25.0
qwgopCMb6rc,Constructive,1,50.0
qwgopCMb6rc,Slight/Neutral,0,0.0
qwgopCMb6rc,Moderately Destructive,0,0.0
qwgopCMb6rc,Highly Destructive,1,50.0
rBjcQ-J4cKw,Constructive,0,0.0
rBjcQ-J4cKw,Slight/Neutral,0,0.0
rBjcQ-J4cKw,Moderately Destructive,1,100.0
rBjcQ-J4cKw,Highly Destructive,0,0.0
rEbhYLrldro,Constructive,0,0.0
rEbhYLrldro,Slight/Neutral,1,100.0
rEbhYLrldro,Moderately Destructive,0,0.0
rEbhYLrldro,Highly Destructive,0,0.0
rO6qrjOB_po,Constructive,1,25.0
rO6qrjOB_po,Slight/Neutral,1,25.0
rO6qrjOB_po,Moderately Destructive,2,50.0
rO6qrjOB_po,Highly Destructive,0,0.0
rOwy3DcONmE,Constructive,0,0.0
rOwy3DcONmE,Slight/Neutral,1,50.0
rOwy3DcONmE,Moderately Destructive,1,50.0
rOwy3DcONmE,Highly Destructive,0,0.0
rSRWoWxHYt8,Constructive,0,0.0
rSRWoWxHYt8,Slight/Neutral,1,100.0
rSRWoWxHYt8,Moderately Destructive,0,0.0
rSRWoWxHYt8,Highly Destructive,0,0.0
rZlrVpF6O30,Constructive,1,20.0
rZlrVpF6O30,Slight/Neutral,0,0.0
rZlrVpF6O30,Moderately Destructive,4,80.0
rZlrVpF6O30,Highly Destructive,0,0.0
re_ny5B15xA,Constructive,1,20.0
re_ny5B15xA,Slight/Neutral,0,0.0
re_ny5B15xA,Moderately Destructive,4,80.0
re_ny5B15xA,Highly Destructive,0,0.0
repy4Y7GKM4,Constructive,5,41.7
repy4Y7GKM4,Slight/Neutral,3,25.0
repy4Y7GKM4,Moderately Destructive,1,8.3
repy4Y7GKM4,Highly Destructive,3,25.0
rtWXTx4vr8g,Constructive,0,0.0
rtWXTx4vr8g,Slight/Neutral,0,0.0
rtWXTx4vr8g,Moderately Destructive,1,100.0
rtWXTx4vr8g,Highly Destructive,0,0.0
rv_OHT2CmIM,Constructive,3,21.4
rv_OHT2CmIM,Slight/Neutral,4,28.6
rv_OHT2CmIM,Moderately Destructive,5,35.7
rv_OHT2CmIM,Highly Destructive,2,14.3
rx6zn2Zm3Eo,Constructive,0,0.0
rx6zn2Zm3Eo,Slight/Neutral,0,0.0
rx6zn2Zm3Eo,Moderately Destructive,0,0.0
rx6zn2Zm3Eo,Highly Destructive,1,100.0
rxJIH9Zk884,Constructive,0,0.0
rxJIH9Zk884,Slight/Neutral,1,100.0
rxJIH9Zk884,Moderately Destructive,0,0.0
rxJIH9Zk884,Highly Destructive,0,0.0
sNbVF9xEA0w,Constructive,0,0.0
sNbVF9xEA0w,Slight/Neutral,2,100.0
sNbVF9xEA0w,Moderately Destructive,0,0.0
sNbVF9xEA0w,Highly Destructive,0,0.0
sgL4axSXtS4,Constructive,2,100.0
sgL4axSXtS4,Slight/Neutral,0,0.0
sgL4axSXtS4,Moderately Destructive,0,0.0
sgL4axSXtS4,Highly Destructive,0,0.0
sz7i9S3EUxA,Constructive,1,25.0
sz7i9S3EUxA,Slight/Neutral,1,25.0
sz7i9S3EUxA,Moderately Destructive,1,25.0
sz7i9S3EUxA,Highly Destructive,1,25.0
szX711ccfSg,Constructive,0,0.0
szX711ccfSg,Slight/Neutral,0,0.0
szX711ccfSg,Moderately Destructive,1,100.0
szX711ccfSg,Highly Destructive,0,0.0
t76v0VW7Er0,Constructive,0,0.0
t76v0VW7Er0,Slight/Neutral,0,0.0
t76v0VW7Er0,Moderately Destructive,3,100.0
t76v0VW7Er0,Highly Destructive,0,0.0
tMHZe4hakc0,Constructive,2,22.2
tMHZe4hakc0,Slight/Neutral,2,22.2
tMHZe4hakc0,Moderately Destructive,5,55.6
tMHZe4hakc0,Highly Destructive,0,0.0
tPNyzL3LtCE,Constructive,0,0.0
tPNyzL3LtCE,Slight/Neutral,1,50.0
tPNyzL3LtCE,Moderately Destructive,1,50.0
tPNyzL3LtCE,Highly Destructive,0,0.0
tT5BolbyRqI,Constructive,1,33.3
tT5BolbyRqI,Slight/Neutral,2,66.7
tT5BolbyRqI,Moderately Destructive,0,0.0
tT5BolbyRqI,Highly Destructive,0,0.0
tWGHJvA0pXE,Constructive,0,0.0
tWGHJvA0pXE,Slight/Neutral,2,50.0
tWGHJvA0pXE,Moderately Destructive,2,50.0
tWGHJvA0pXE,Highly Destructive,0,0.0
tWJhS3gZnDY,Constructive,0,0.0
tWJhS3gZnDY,Slight/Neutral,1,14.3
tWJhS3gZnDY,Moderately Destructive,5,71.4
tWJhS3gZnDY,Highly Destructive,1,14.3
u3-yU16Enfs,Constructive,0,0.0
u3-yU16Enfs,Slight/Neutral,1,100.0
u3-yU16Enfs,Moderately Destructive,0,0.0
u3-yU16Enfs,Highly Destructive,0,0.0
u35nNlvuSXQ,Constructive,0,0.0
u35nNlvuSXQ,Slight/Neutral,0,0.0
u35nNlvuSXQ,Moderately Destructive,2,100.0
u35nNlvuSXQ,Highly Destructive,0,0.0
u3iF40_pBh4,Constructive,0,0.0
u3iF40_pBh4,Slight/Neutral,1,33.3
u3iF40_pBh4,Moderately Destructive,1,33.3
u3iF40_pBh4,Highly Destructive,1,33.3
u5wrsbY8vjY,Constructive,3,100.0
u5wrsbY8vjY,Slight/Neutral,0,0.0
u5wrsbY8vjY,Moderately Destructive,0,0.0
u5wrsbY8vjY,Highly Destructive,0,0.0
uMbKPbNYVY8,Constructive,0,0.0
uMbKPbNYVY8,Slight/Neutral,2,100.0
uMbKPbNYVY8,Moderately Destructive,0,0.0
uMbKPbNYVY8,Highly Destructive,0,0.0
uitHKFQsHLM,Constructive,4,44.4
uitHKFQsHLM,Slight/Neutral,1,11.1
uitHKFQsHLM,Moderately Destructive,4,44.4
uitHKFQsHLM,Highly Destructive,0,0.0
ukI6RNk2CA4,Constructive,1,33.3
ukI6RNk2CA4,Slight/Neutral,0,0.0
ukI6RNk2CA4,Moderately Destructive,2,66.7
ukI6RNk2CA4,Highly Destructive,0,0.0
ukY8oL4Fd8s,Constructive,0,0.0
ukY8oL4Fd8s,Slight/Neutral,0,0.0
ukY8oL4Fd8s,Moderately Destructive,1,100.0
ukY8oL4Fd8s,Highly Destructive,0,0.0
uqKL9A4rBfY,Constructive,0,0.0
uqKL9A4rBfY,Slight/Neutral,1,33.3
uqKL9A4rBfY,Moderately Destructive,2,66.7
uqKL9A4rBfY,Highly Destructive,0,0.0
uuOs-cHRrvo,Constructive,0,0.0
uuOs-cHRrvo,Slight/Neutral,1,16.7
uuOs-cHRrvo,Moderately Destructive,4,66.7
uuOs-cHRrvo,Highly Destructive,1,16.7
v2oSMS0fZz4,Constructive,10,34.5
v2oSMS0fZz4,Slight/Neutral,6,20.7
v2oSMS0fZz4,Moderately Destructive,10,34.5
v2oSMS0fZz4,Highly Destructive,3,10.3
v4cYM5f5K_Y,Constructive,0,0.0
v4cYM5f5K_Y,Slight/Neutral,1,20.0
v4cYM5f5K_Y,Moderately Destructive,3,60.0
v4cYM5f5K_Y,Highly Destructive,1,20.0
vFug4vagXnQ,Constructive,0,0.0
vFug4vagXnQ,Slight/Neutral,1,50.0
vFug4vagXnQ,Moderately Destructive,1,50.0
vFug4vagXnQ,Highly Destructive,0,0.0
vJV_EquM1_0,Constructive,1,100.0
vJV_EquM1_0,Slight/Neutral,0,0.0
vJV_EquM1_0,Moderately Destructive,0,0.0
vJV_EquM1_0,Highly Destructive,0,0.0
vNiJ8A1OZwU,Constructive,1,11.1
vNiJ8A1OZwU,Slight/Neutral,2,22.2
vNiJ8A1OZwU,Moderately Destructive,5,55.6
vNiJ8A1OZwU,Highly Destructive,1,11.1
vQlUS4eGkKg,Constructive,0,0.0
vQlUS4eGkKg,Slight/Neutral,0,0.0
vQlUS4eGkKg,Moderately Destructive,1,100.0
vQlUS4eGkKg,Highly Destructive,0,0.0
vfjg7FbVgkM,Constructive,0,0.0
vfjg7FbVgkM,Slight/Neutral,0,0.0
vfjg7FbVgkM,Moderately Destructive,1,100.0
vfjg7FbVgkM,Highly Destructive,0,0.0
vjMjdVRwzF4,Constructive,0,0.0
vjMjdVRwzF4,Slight/Neutral,0,0.0
vjMjdVRwzF4,Moderately Destructive,1,100.0
vjMjdVRwzF4,Highly Destructive,0,0.0
w0FpFbOKXWU,Constructive,0,0.0
w0FpFbOKXWU,Slight/Neutral,0,0.0
w0FpFbOKXWU,Moderately Destructive,1,100.0
w0FpFbOKXWU,Highly Destructive,0,0.0
w52_zNt_wCs,Constructive,1,25.0
w52_zNt_wCs,Slight/Neutral,3,75.0
w52_zNt_wCs,Moderately Destructive,0,0.0
w52_zNt_wCs,Highly Destructive,0,0.0
w9VshhIL8ig,Constructive,1,33.3
w9VshhIL8ig,Slight/Neutral,1,33.3
w9VshhIL8ig,Moderately Destructive,1,33.3
w9VshhIL8ig,Highly Destructive,0,0.0
wBZqDljlQHk,Constructive,0,0.0
wBZqDljlQHk,Slight/Neutral,0,0.0
wBZqDljlQHk,Moderately Destructive,1,50.0
wBZqDljlQHk,Highly Destructive,1,50.0
w_TcXMl7SkU,Constructive,0,0.0
w_TcXMl7SkU,Slight/Neutral,0,0.0
w_TcXMl7SkU,Moderately Destructive,2,100.0
w_TcXMl7SkU,Highly Destructive,0,0.0
wit8lkyq5rg,Constructive,4,26.7
wit8lkyq5rg,Slight/Neutral,3,20.0
wit8lkyq5rg,Moderately Destructive,6,40.0
wit8lkyq5rg,Highly Destructive,2,13.3
wjJgQs1wdho,Constructive,2,9.1
wjJgQs1wdho,Slight/Neutral,6,27.3
wjJgQs1wdho,Moderately Destructive,8,36.4
wjJgQs1wdho,Highly Destructive,6,27.3
ww8NV1PYAJA,Constructive,0,0.0
ww8NV1PYAJA,Slight/Neutral,0,0.0
ww8NV1PYAJA,Moderately Destructive,2,100.0
ww8NV1PYAJA,Highly Destructive,0,0.0
wyKzJ5l6O9k,Constructive,0,0.0
wyKzJ5l6O9k,Slight/Neutral,0,0.0
wyKzJ5l6O9k,Moderately Destructive,2,100.0
wyKzJ5l6O9k,Highly Destructive,0,0.0
wyNgNBGeWj8,Constructive,0,0.0
wyNgNBGeWj8,Slight/Neutral,0,0.0
wyNgNBGeWj8,Moderately Destructive,2,100.0
wyNgNBGeWj8,Highly Destructive,0,0.0
x2rnYnNOHrA,Constructive,1,11.1
x2rnYnNOHrA,Slight/Neutral,1,11.1
x2rnYnNOHrA,Moderately Destructive,7,77.8
x2rnYnNOHrA,Highly Destructive,0,0.0
x3NQaQV_oR8,Constructive,0,0.0
x3NQaQV_oR8,Slight/Neutral,0,0.0
x3NQaQV_oR8,Moderately Destructive,1,100.0
x3NQaQV_oR8,Highly Destructive,0,0.0
xFKWG2EK4UE,Constructive,0,0.0
xFKWG2EK4UE,Slight/Neutral,0,0.0
xFKWG2EK4UE,Moderately Destructive,0,0.0
xFKWG2EK4UE,Highly Destructive,1,100.0
xGXwt6-n9BQ,Constructive,2,66.7
xGXwt6-n9BQ,Slight/Neutral,0,0.0
xGXwt6-n9BQ,Moderately Destructive,1,33.3
xGXwt6-n9BQ,Highly Destructive,0,0.0
xIEi0FpuxJo,Constructive,0,0.0
xIEi0FpuxJo,Slight/Neutral,2,66.7
xIEi0FpuxJo,Moderately Destructive,1,33.3
xIEi0FpuxJo,Highly Destructive,0,0.0
xKI1s0kon2M,Constructive,0,0.0
xKI1s0kon2M,Slight/Neutral,1,100.0
xKI1s0kon2M,Moderately Destructive,0,0.0
xKI1s0kon2M,Highly Destructive,0,0.0
xL3EE7itjZk,Constructive,0,0.0
xL3EE7itjZk,Slight/Neutral,1,100.0
xL3EE7itjZk,Moderately Destructive,0,0.0
xL3EE7itjZk,Highly Destructive,0,0.0
xMBKzKHxhYo,Constructive,1,50.0
xMBKzKHxhYo,Slight/Neutral,0,0.0
xMBKzKHxhYo,Moderately Destructive,1,50.0
xMBKzKHxhYo,Highly Destructive,0,0.0
xOfBxIY13So,Constructive,0,0.0
xOfBxIY13So,Slight/Neutral,1,50.0
xOfBxIY13So,Moderately Destructive,1,50.0
xOfBxIY13So,Highly Destructive,0,0.0
xUv4NmkVNRk,Constructive,0,0.0
xUv4NmkVNRk,Slight/Neutral,1,100.0
xUv4NmkVNRk,Moderately Destructive,0,0.0
xUv4NmkVNRk,Highly Destructive,0,0.0
xW9R9q6OC-w,Constructive,0,0.0
xW9R9q6OC-w,Slight/Neutral,0,0.0
xW9R9q6OC-w,Moderately Destructive,1,100.0
xW9R9q6OC-w,Highly Destructive,0,0.0
xgaUm0qLKQY,Constructive,0,0.0
xgaUm0qLKQY,Slight/Neutral,0,0.0
xgaUm0qLKQY,Moderately Destructive,0,0.0
xgaUm0qLKQY,Highly Destructive,1,100.0
xto1V4pFLiQ,Constructive,1,100.0
xto1V4pFLiQ,Slight/Neutral,0,0.0
xto1V4pFLiQ,Moderately Destructive,0,0.0
xto1V4pFLiQ,Highly Destructive,0,0.0
y05Ej7x_Z18,Constructive,0,0.0
y05Ej7x_Z18,Slight/Neutral,0,0.0
y05Ej7x_Z18,Moderately Destructive,2,100.0
y05Ej7x_Z18,Highly Destructive,0,0.0
y6nJUe6B9lw,Constructive,0,0.0
y6nJUe6B9lw,Slight/Neutral,0,0.0
y6nJUe6B9lw,Moderately Destructive,1,100.0
y6nJUe6B9lw,Highly Destructive,0,0.0
yDT6IEQcixA,Constructive,1,100.0
yDT6IEQcixA,Slight/Neutral,0,0.0
yDT6IEQcixA,Moderately Destructive,0,0.0
yDT6IEQcixA,Highly Destructive,0,0.0
yDXTTwDTkno,Constructive,1,33.3
yDXTTwDTkno,Slight/Neutral,0,0.0
yDXTTwDTkno,Moderately Destructive,2,66.7
yDXTTwDTkno,Highly Destructive,0,0.0
yQ1o56b6U1I,Constructive,0,0.0
yQ1o56b6U1I,Slight/Neutral,0,0.0
yQ1o56b6U1I,Moderately Destructive,2,100.0
yQ1o56b6U1I,Highly Destructive,0,0.0
yQfNrYG8hTo,Constructive,0,0.0
yQfNrYG8hTo,Slight/Neutral,0,0.0
yQfNrYG8hTo,Moderately Destructive,2,66.7
yQfNrYG8hTo,Highly Destructive,1,33.3
yW5blRcGA7M,Constructive,1,11.1
yW5blRcGA7M,Slight/Neutral,5,55.6
yW5blRcGA7M,Moderately Destructive,3,33.3
yW5blRcGA7M,Highly Destructive,0,0.0
ykyD5QjqKoU,Constructive,1,50.0
ykyD5QjqKoU,Slight/Neutral,0,0.0
ykyD5QjqKoU,Moderately Destructive,1,50.0
ykyD5QjqKoU,Highly Destructive,0,0.0
ypjrnMGsJC8,Constructive,0,0.0
ypjrnMGsJC8,Slight/Neutral,0,0.0
ypjrnMGsJC8,Moderately Destructive,1,100.0
ypjrnMGsJC8,Highly Destructive,0,0.0
yrfMJ93fcSs,Constructive,1,14.3
yrfMJ93fcSs,Slight/Neutral,0,0.0
yrfMJ93fcSs,Moderately Destructive,4,57.1
yrfMJ93fcSs,Highly Destructive,2,28.6
z095WXRHmFA,Constructive,0,0.0
z095WXRHmFA,Slight/Neutral,0,0.0
z095WXRHmFA,Moderately Destructive,2,100.0
z095WXRHmFA,Highly Destructive,0,0.0
z2BwUz1z3bE,Constructive,1,100.0
z2BwUz1z3bE,Slight/Neutral,0,0.0
z2BwUz1z3bE,Moderately Destructive,0,0.0
z2BwUz1z3bE,Highly Destructive,0,0.0
z6GYFCoeqh0,Constructive,0,0.0
z6GYFCoeqh0,Slight/Neutral,0,0.0
z6GYFCoeqh0,Moderately Destructive,1,100.0
z6GYFCoeqh0,Highly Destructive,0,0.0
zDmVUI1Z08U,Constructive,0,0.0
zDmVUI1Z08U,Slight/Neutral,0,0.0
zDmVUI1Z08U,Moderately Destructive,1,100.0
zDmVUI1Z08U,Highly Destructive,0,0.0
zITPiRaUOhw,Constructive,0,0.0
zITPiRaUOhw,Slight/Neutral,1,100.0
zITPiRaUOhw,Moderately Destructive,0,0.0
zITPiRaUOhw,Highly Destructive,0,0.0
zmE6mEig2kY,Constructive,0,0.0
zmE6mEig2kY,Slight/Neutral,0,0.0
zmE6mEig2kY,Moderately Destructive,1,100.0
zmE6mEig2kY,Highly Destructive,0,0.0
